EPIC,RAJ2000,DEJ2000,Mm
210991540,52.95768,22.84023,0.9
211016313,53.032740000000004,23.23265,0.9
211029135,53.15753,23.43315,0.9
211037397,53.17625,23.56679,0.9
210946764,53.274269999999994,22.13423,0.9
211002011,53.307930000000006,23.00647,0.9
210997742,53.457480000000004,22.93891,0.1
210989751,53.580630000000006,22.8118,0.9
210943453,53.7289,22.079629999999998,0.9
211051561,53.81775,23.7995,0.9
210990525,53.88203000000001,22.823620000000002,0.9
210966931,53.93439,22.452779999999997,0.1
210964488,53.94331,22.41391,0.9
210817078,53.95093000000001,20.12871,0.1
211051975,54.04608,23.80651,0.9
210977505,54.101330000000004,22.62379,0.9
211065162,54.126259999999995,24.012220000000003,0.9
211010818,54.15996,23.14569,0.9
210940129,54.183780000000006,22.02753,0.9
211013159,54.318819999999995,23.1846,0.9
210960579,54.3502,22.35098,0.9
211013046,54.40448000000001,23.18281,0.9
210956678,54.422259999999994,22.28872,0.9
211025925,54.485040000000005,23.382479999999997,0.9
210969800,54.59409,22.49969,0.9
211008438,54.597409999999996,23.10811,0.9
210803812,54.79251,19.925279999999997,0.9
211081065,54.884640000000005,24.26705,0.9
211058468,54.92796,23.90776,0.9
210946466,54.93408,22.12941,0.9
210979439,54.9366,22.654320000000002,0.9
211063235,54.943059999999996,23.98144,0.9
211054634,54.9499,23.84916,0.9
211049486,54.961119999999994,23.76463,0.9
211077682,54.98,24.21509,0.9
210978953,55.02916999999999,22.64658,0.9
211077833,55.02958,24.217670000000002,0.9
211088075,55.06632,24.37546,0.9
211058381,55.0785,23.906570000000002,0.9
211070495,55.1067,24.10008,0.9
211069863,55.10997,24.08995,0.9
211079106,55.1123,24.23736,0.9
211095259,55.12801999999999,24.4873,0.9
211036360,55.131190000000004,23.55067,0.9
211044536,55.14318000000001,23.68261,0.9
210872505,55.147169999999996,20.96581,0.9
211029757,55.164359999999995,23.443089999999998,0.9
210888723,55.205769999999994,21.21546,0.9
211028209,55.210119999999996,23.41846,0.9
210854098,55.212759999999996,20.688229999999997,0.9
211039307,55.21359,23.59843,0.9
211078393,55.25161,24.22646,0.9
211046948,55.2624,23.72269,0.9
211053922,55.271730000000005,23.83759,0.9
210865020,55.30619,20.8548,0.9
211026087,55.30749,23.38495,0.1
211055424,55.33059,23.861720000000002,0.9
211089510,55.343469999999996,24.39775,0.9
211059880,55.345330000000004,23.93007,0.9
210940436,55.347719999999995,22.03174,0.9
211018106,55.35815,23.26003,0.9
211010041,55.359790000000004,23.13415,0.9
211065494,55.36201,24.01736,0.9
211046102,55.36591,23.70835,0.9
211067927,55.37999,24.05695,0.9
211041753,55.39496,23.63772,0.9
211088777,55.411680000000004,24.385939999999998,0.9
211049396,55.4149,23.76308,0.9
211002985,55.444359999999996,23.02219,0.9
211005163,55.45397,23.05651,0.9
211084813,55.46455,24.3243,0.9
211071863,55.47055,24.123620000000003,0.9
211030680,55.47359,23.45797,0.1
211063081,55.48631999999999,23.97871,0.9
210998478,55.49436,22.95055,0.9
211046046,55.49448,23.70731,0.9
211074799,55.50153,24.17025,0.9
211077349,55.51193000000001,24.21007,0.9
211059979,55.512190000000004,23.931639999999998,0.9
211098454,55.513740000000006,24.53706,0.9
211038660,55.53682,23.588070000000002,0.9
211069615,55.54549,24.085720000000002,0.9
211084148,55.556169999999995,24.31384,0.9
210832378,55.55786,20.36223,0.9
211013627,55.56403,23.19199,0.9
211071431,55.57454,24.11606,0.9
211106429,55.58974,24.66465,0.9
210905362,55.59998,21.473489999999998,0.9
211055359,55.60945,23.860770000000002,0.9
210994935,55.60953000000001,22.894660000000002,0.9
211078992,55.60951,24.23551,0.9
210974364,55.61376,22.57357,0.9
210988354,55.622569999999996,22.7906,0.9
210862226,55.62375,20.81113,0.9
211075627,55.6415,24.18356,0.9
211025007,55.651109999999996,23.36801,0.9
211063744,55.667609999999996,23.98937,0.9
211066186,55.67155,24.028589999999998,0.9
211064722,55.674369999999996,24.004379999999998,0.9
211076650,55.67456,24.19953,0.9
211023167,55.67666,23.339370000000002,0.1
211008237,55.68486,23.10454,0.9
211062604,55.68524,23.97097,0.9
211053031,55.69019,23.82302,0.9
211038211,55.70377,23.58018,0.9
211074858,55.70457,24.17101,0.1
211010807,55.715309999999995,23.14558,0.9
211095624,55.72962,24.49306,0.9
211069418,55.735569999999996,24.08277,0.9
211078565,55.735659999999996,24.22936,0.9
210822528,55.744119999999995,20.21256,0.9
210995339,55.74674,22.900920000000003,0.9
210965155,55.74896,22.42427,0.1
211079830,55.75524,24.24791,0.9
211106743,55.76223,24.669729999999998,0.9
210989020,55.76746,22.80098,0.9
210876759,55.773830000000004,21.03042,0.9
210957162,55.77705,22.29707,0.9
211108136,55.7906,24.69249,0.9
211071351,55.7985,24.114620000000002,0.9
211111400,55.80049,24.745929999999998,0.9
211105839,55.80444,24.6554,0.9
211053678,55.81916,23.833779999999997,0.9
210988056,55.82918000000001,22.78629,0.9
210966700,55.82926,22.44922,0.9
211092430,55.83571,24.443070000000002,0.9
211015853,55.852230000000006,23.225929999999998,0.9
211055772,55.85408,23.86709,0.9
210995008,55.85479,22.89572,0.9
210983198,55.86014,22.71187,0.9
211093040,55.86237,24.452720000000003,0.9
210977779,55.8643,22.62816,0.9
211105906,55.87453000000001,24.65656,0.9
211043986,55.883140000000004,23.67407,0.9
211049322,55.89337,23.76191,0.9
211014750,55.90234,23.20954,0.9
211030439,55.90249,23.45393,0.9
211078780,55.9026,24.2323,0.9
211089274,55.90384,24.39394,0.9
211042045,55.90458,23.64227,0.9
211047687,55.91265,23.73483,0.9
211045147,55.91548,23.6924,0.9
211100748,55.92555,24.57316,0.1
211099232,55.929759999999995,24.54895,0.9
211077607,55.93133,24.21397,0.9
211095292,55.932109999999994,24.48771,0.9
211005117,55.93735,23.0559,0.9
211014883,55.94783,23.2118,0.9
211035702,55.95251,23.53937,0.9
211079794,55.96126999999999,24.24746,0.9
211079141,55.965630000000004,24.23781,0.9
211117077,55.967259999999996,24.84159,0.9
211091381,55.98203,24.426389999999998,0.9
211061316,55.987480000000005,23.95166,0.9
211078145,55.988640000000004,24.222360000000002,0.9
211056809,55.995,23.88273,0.9
211035968,56.002469999999995,23.543960000000002,0.9
211055493,56.006969999999995,23.862820000000003,0.1
211096368,56.01474,24.5042,0.9
211081593,56.02016,24.2755,0.9
211006594,56.036669999999994,23.0799,0.9
211010854,56.038790000000006,23.1464,0.9
211101750,56.03999,24.589560000000002,0.9
211081122,56.041290000000004,24.2678,0.9
211115321,56.045609999999996,24.81278,0.9
211025716,56.046690000000005,23.37933,0.9
210762863,56.049609999999994,19.30539,0.9
211056415,56.050540000000005,23.87709,0.9
211066337,56.05446,24.030829999999998,0.9
211113345,56.05798000000001,24.77938,0.9
211070599,56.06111,24.10181,0.9
211092630,56.07394,24.44637,0.9
211101696,56.07941999999999,24.58845,0.9
211057696,56.08201,23.8961,0.9
211114317,56.08368000000001,24.79615,0.9
211112974,56.085440000000006,24.77285,0.9
211080177,56.086040000000004,24.25303,0.9
211037018,56.086909999999996,23.56113,0.9
211112685,56.091269999999994,24.7684,0.9
211012996,56.092240000000004,23.18194,0.9
211068579,56.096090000000004,24.0683,0.9
211072441,56.09811,24.13263,0.9
211118414,56.102830000000004,24.86485,0.9
211112686,56.10337,24.76839,0.9
211107439,56.10661999999999,24.68136,0.9
211101761,56.109480000000005,24.5897,0.9
211095218,56.11055,24.48653,0.9
211090224,56.11198,24.40883,0.9
211117230,56.113719999999994,24.84396,0.9
211079163,56.11455,24.23811,0.9
211064435,56.11629,23.99997,0.9
211074888,56.1167,24.17155,0.9
210754915,56.11701,19.18504,0.9
211038810,56.132130000000004,23.59061,0.9
211056297,56.13325,23.87521,0.9
211064526,56.14754,24.00135,0.9
211033487,56.15115,23.50309,0.9
211091449,56.157340000000005,24.42746,0.9
210996584,56.15741,22.92103,0.9
211004119,56.16226999999999,23.04041,0.9
211097941,56.16505,24.52896,0.9
211115638,56.1698,24.81854,0.9
210967650,56.17425,22.464560000000002,0.9
211088648,56.19223,24.38419,0.9
211065077,56.19718,24.01052,0.9
211077649,56.19933,24.214660000000002,0.9
211121141,56.20904,24.91113,0.9
210911601,56.220240000000004,21.571260000000002,0.9
211059325,56.2243,23.92126,0.9
211092628,56.22538,24.44637,0.9
211059981,56.2333,23.93153,0.9
211091768,56.23498000000001,24.43262,0.9
211039840,56.23619,23.606579999999997,0.9
211063935,56.23887,23.99235,0.9
211027607,56.24174,23.40867,0.9
211059734,56.24409,23.928060000000002,0.9
211026321,56.24568000000001,23.388939999999998,0.9
211024158,56.2478,23.35512,0.9
211113286,56.2547,24.7781,0.9
210779549,56.25695,19.55937,0.1
211054027,56.2636,23.83943,0.9
211080847,56.27721999999999,24.26352,0.9
211040347,56.27825,23.61434,0.9
210978650,56.286159999999995,22.64185,0.9
210920066,56.29115,21.70459,0.9
211004687,56.29506,23.0495,0.9
211101564,56.29993,24.586170000000003,0.9
211096421,56.3003,24.5051,0.9
211024798,56.300619999999995,23.36479,0.9
210982234,56.30178000000001,22.69753,0.9
211057685,56.30254,23.89588,0.9
211080412,56.304730000000006,24.2566,0.9
211034329,56.30585,23.51693,0.1
211071722,56.31717,24.12118,0.9
211037417,56.3184,23.56716,0.9
211100894,56.31935,24.5757,0.9
211121734,56.336909999999996,24.92207,0.9
211098921,56.34029,24.5437,0.9
211031520,56.34248,23.471729999999997,0.9
211117626,56.34788,24.8508,0.9
211119678,56.350530000000006,24.88597,0.9
211086163,56.35324,24.34596,0.9
211028956,56.35824,23.4302,0.1
211066615,56.3589,24.03513,0.9
210971340,56.36063000000001,22.52562,0.9
211041420,56.364619999999995,23.63253,0.9
211084069,56.37591,24.31265,0.9
211083408,56.38721999999999,24.30324,0.9
211013191,56.3916,23.1852,0.9
211093705,56.39355,24.46329,0.9
211069456,56.39748,24.08321,0.9
211105653,56.40298000000001,24.65188,0.9
211061207,56.41243000000001,23.95031,0.9
211072835,56.413669999999996,24.139039999999998,0.9
211104176,56.41737,24.62724,0.9
211082436,56.422430000000006,24.28859,0.9
211120842,56.42548000000001,24.90599,0.9
211129400,56.426869999999994,25.05709,0.9
211068914,56.433640000000004,24.0741,0.9
210922602,56.445530000000005,21.74705,0.9
211010902,56.45336999999999,23.14716,0.9
211090866,56.45565,24.4187,0.9
211082883,56.46385,24.2957,0.9
211031105,56.46978000000001,23.46507,0.9
211078239,56.47909,24.22394,0.9
211003154,56.48732,23.02478,0.9
211086480,56.48783,24.35031,0.9
211073154,56.49126,24.14475,0.9
211047828,56.511480000000006,23.737389999999998,0.9
211107496,56.51231,24.68218,0.9
211086387,56.51436999999999,24.3492,0.9
211027393,56.51716999999999,23.40553,0.9
211059727,56.51789,23.92801,0.9
211074500,56.51899,24.165570000000002,0.9
211000470,56.52185,22.98165,0.9
211103222,56.52346,24.61235,0.9
211103322,56.52369,24.613879999999998,0.9
211100398,56.52706,24.56741,0.9
211100131,56.52874,24.5628,0.9
211087985,56.531259999999996,24.37438,0.9
211118542,56.53236,24.8668,0.9
211023687,56.53483000000001,23.347520000000003,0.9
211107114,56.53621999999999,24.675910000000002,0.9
210983092,56.53994,22.71039,0.9
210881103,56.54115,21.09799,0.9
211106969,56.541219999999996,24.67362,0.9
211023213,56.541869999999996,23.34001,0.9
211103863,56.548930000000006,24.62231,0.9
211038588,56.55275,23.58721,0.9
211067768,56.55361,24.054370000000002,0.9
210982761,56.55769,22.70551,0.9
211107734,56.57471999999999,24.686,0.9
210866744,56.58056,20.87978,0.9
211002561,56.58085,23.0155,0.9
211125236,56.582730000000005,24.98376,0.9
211113696,56.58531,24.78548,0.9
211100238,56.588969999999996,24.56458,0.9
211007016,56.58914,23.08588,0.9
211005799,56.5901,23.06695,0.9
211032382,56.59359,23.48563,0.9
211100565,56.594469999999994,24.57017,0.9
211102725,56.59593,24.60505,0.9
211066346,56.59776,24.03094,0.9
211096320,56.60049,24.5036,0.9
211094777,56.602619999999995,24.4796,0.9
210903023,56.60487,21.438229999999997,0.9
211074151,56.60576,24.1601,0.9
211093117,56.6125,24.45392,0.9
211133821,56.61396,25.13556,0.9
211052343,56.61537,23.81269,0.1
211038945,56.615730000000006,23.59269,0.9
211091848,56.61837,24.43391,0.9
211112171,56.61926999999999,24.75899,0.9
210877263,56.623830000000005,21.038079999999997,0.9
211003258,56.62922,23.02634,0.9
211071504,56.629909999999995,24.11735,0.9
211021014,56.63698,23.305320000000002,0.9
210997527,56.644969999999994,22.935489999999998,0.9
211027775,56.6472,23.41173,0.9
211066062,56.648030000000006,24.02652,0.9
211006108,56.650259999999996,23.07149,0.9
211086025,56.655280000000005,24.34352,0.9
211050847,56.65699,23.787770000000002,0.9
211111496,56.65739,24.74769,0.9
210996505,56.659980000000004,22.9198,0.9
211123901,56.66158000000001,24.95962,0.9
211097402,56.662009999999995,24.520329999999998,0.9
211070664,56.66385,24.10324,0.9
211066263,56.6641,24.02968,0.9
211008578,56.66665,23.11037,0.9
211033155,56.667669999999994,23.49778,0.9
211122237,56.66777,24.93103,0.9
210991829,56.668330000000005,22.8444,0.9
211040850,56.67991,23.62284,0.9
211064137,56.681619999999995,23.99515,0.9
211111611,56.686580000000006,24.74961,0.9
210996142,56.69608,22.91459,0.9
211005924,56.70325,23.06875,0.9
211102393,56.70505,24.60001,0.9
211035282,56.70867,23.5323,0.9
211042246,56.71917,23.64535,0.9
211080124,56.72068,24.25222,0.9
210994089,56.72192,22.88094,0.9
211082363,56.72335,24.28751,0.9
211038389,56.72391,23.58359,0.9
211072438,56.72481,24.1326,0.9
211139797,56.72512,25.245820000000002,0.9
211093928,56.72863,24.46666,0.9
211114329,56.72881999999999,24.79634,0.9
211025779,56.730430000000005,23.38043,0.9
211075914,56.73046,24.18802,0.9
211017469,56.73789,23.25067,0.9
211037012,56.74235,23.56082,0.1
211066157,56.74273,24.0282,0.9
211093581,56.7439,24.461129999999997,0.9
211066181,56.747130000000006,24.02861,0.9
211097388,56.74751,24.52011,0.1
211119314,56.7478,24.87953,0.1
211094386,56.75121,24.47355,0.9
211125179,56.75414,24.98263,0.9
211032994,56.7559,23.494979999999998,0.9
211078274,56.75767,24.224520000000002,0.9
211035936,56.75974,23.54338,0.9
211115721,56.76478,24.81993,0.9
211074122,56.76493000000001,24.15971,0.9
220115919,56.765719999999995,23.61632,0.9
211046494,56.77825,23.71517,0.9
211015877,56.7806,23.226329999999997,0.9
211089267,56.78281,24.39386,0.9
211083672,56.78391,24.306829999999998,0.9
211046240,56.78558,23.710810000000002,0.9
211067634,56.78826,24.05219,0.9
211048126,56.78931,23.742179999999998,0.9
211029076,56.78963,23.43236,0.9
211081656,56.79189,24.276670000000003,0.9
211078698,56.795919999999995,24.23103,0.9
211046446,56.806369999999994,23.71431,0.9
211053549,56.806909999999995,23.8315,0.9
211132712,56.8137,25.11541,0.1
211029254,56.81406,23.435029999999998,0.9
211089146,56.81434,24.39197,0.9
211111473,56.8185,24.74731,0.9
211072160,56.819,24.128339999999998,0.9
211089068,56.82526,24.39077,0.9
211078690,56.825540000000004,24.23092,0.1
211131087,56.8368,25.08676,0.9
211024494,56.841730000000005,23.36019,0.9
211079188,56.84324,24.23859,0.9
211047718,56.84449,23.73527,0.9
210996662,56.84541,22.92212,0.9
211117529,56.84571999999999,24.84894,0.9
211011030,56.849380000000004,23.14919,0.9
211080295,56.85461,24.25481,0.9
211134185,56.85745,25.14251,0.9
211041526,56.86152,23.63407,0.9
211044267,56.86176999999999,23.67836,0.9
211030057,56.86714,23.44821,0.9
211107116,56.868430000000004,24.6759,0.9
211056628,56.87327,23.88046,0.9
211036595,56.874680000000005,23.55422,0.9
211087739,56.877469999999995,24.37055,0.9
210886447,56.8797,21.18096,0.9
211056099,56.88182,23.87205,0.9
211075014,56.883309999999994,24.173579999999998,0.9
211090001,56.8839,24.405160000000002,0.1
211021098,56.88409,23.30655,0.1
211045153,56.8894,23.6925,0.9
211107623,56.890319999999996,24.68422,0.9
210922592,56.892340000000004,21.74684,0.9
210989043,56.89491999999999,22.80135,0.9
211118985,56.8994,24.87415,0.9
211031682,56.900119999999994,23.47414,0.9
211090094,56.90688000000001,24.406470000000002,0.9
211031293,56.908359999999995,23.46805,0.9
211115713,56.908519999999996,24.81974,0.9
211119999,56.90865,24.89183,0.9
211093429,56.91396999999999,24.45893,0.9
211001714,56.91576,23.0013,0.9
211083317,56.91822,24.30193,0.9
211087357,56.918530000000004,24.36459,0.9
210997197,56.920730000000006,22.93001,0.9
211048014,56.921580000000006,23.740289999999998,0.9
211062662,56.92265,23.97194,0.9
211045643,56.93603,23.7009,0.9
211104535,56.941280000000006,24.63373,0.9
211138781,56.949380000000005,25.22625,0.9
211015308,56.95046,23.21814,0.9
211091536,56.9574,24.4287,0.9
211096432,56.96228000000001,24.50522,0.9
211043323,56.966469999999994,23.66339,0.9
211060621,56.968830000000004,23.94128,0.9
211001183,56.97026999999999,22.99279,0.9
211021827,56.98028000000001,23.31833,0.9
211080546,56.98596,24.25887,0.9
210945565,56.99175,22.1142,0.9
211101996,56.99737,24.5937,0.9
211110500,56.99889,24.73134,0.9
211027306,57.02072,23.40385,0.9
211003744,57.02425,23.03414,0.9
211056865,57.02443,23.88364,0.9
211064559,57.02766,24.001929999999998,0.9
211143504,57.031969999999994,25.31534,0.1
211047990,57.03317,23.73992,0.9
211045994,57.03726999999999,23.706529999999997,0.9
211063049,57.03839,23.97799,0.9
211001695,57.0424,23.00114,0.1
211063723,57.042390000000005,23.988979999999998,0.9
211033726,57.04577,23.50702,0.9
210860152,57.04755,20.77852,0.9
211063134,57.05546999999999,23.97972,0.9
211084436,57.05645,24.31842,0.9
211041474,57.05737,23.63319,0.9
211029245,57.06349,23.4349,0.9
211045648,57.06361999999999,23.701,0.9
211139647,57.0645,25.24353,0.9
211038622,57.067,23.58762,0.9
211138217,57.07026,25.21517,0.9
211041683,57.07045,23.6368,0.9
211057320,57.07134,23.89038,0.9
211096385,57.07204,24.50442,0.9
211051985,57.07233000000001,23.80659,0.9
210942652,57.07334,22.06703,0.9
211128863,57.07371,25.04788,0.9
211057388,57.07506,23.89151,0.9
211039634,57.082640000000005,23.60333,0.9
211121361,57.08453000000001,24.91532,0.9
211034343,57.08575,23.51708,0.9
211101098,57.089690000000004,24.578789999999998,0.9
210993561,57.09437,22.8727,0.9
211030912,57.09458000000001,23.46196,0.9
211062705,57.09486,23.97254,0.9
211115457,57.095009999999995,24.8149,0.9
211010149,57.09966,23.135679999999997,0.9
211079332,57.10515,24.240560000000002,0.9
210951703,57.106269999999995,22.21159,0.9
211139723,57.10848000000001,25.24475,0.9
211067419,57.109019999999994,24.04844,0.9
211013604,57.11079,23.19161,0.1
211020742,57.116780000000006,23.30077,0.9
211062438,57.12399,23.968329999999998,0.9
211086138,57.12538000000001,24.345589999999998,0.9
211081985,57.129369999999994,24.28148,0.9
211066477,57.13264,24.03301,0.9
211066484,57.140730000000005,24.03306,0.9
211029232,57.1438,23.43481,0.9
210994964,57.1466,22.895139999999998,0.9
211076761,57.147859999999994,24.20091,0.9
211116917,57.16375,24.838910000000002,0.9
211077464,57.16627,24.21194,0.9
211103033,57.168440000000004,24.60951,0.9
211127395,57.169140000000006,25.02226,0.9
211016654,57.17075,23.2382,0.9
211126627,57.17556999999999,25.007929999999998,0.9
211018096,57.182880000000004,23.25985,0.9
211132233,57.18349,25.1063,0.9
211103923,57.18618000000001,24.62324,0.9
211103969,57.188959999999994,24.624010000000002,0.9
211023137,57.18931,23.33887,0.9
210942842,57.1941,22.070220000000003,0.9
210901321,57.20091,21.41134,0.9
211027879,57.20325,23.41339,0.9
211081096,57.20394,24.267429999999997,0.9
211063000,57.2055,23.977320000000002,0.9
211006328,57.21108,23.07507,0.9
211087131,57.23185,24.36121,0.9
211085091,57.23895,24.32884,0.9
211007577,57.24284,23.09424,0.9
211014186,57.24369,23.201220000000003,0.9
211120664,57.25408,24.902820000000002,0.9
211000411,57.25416,22.980439999999998,0.9
211041750,57.25476999999999,23.63769,0.9
211017570,57.2597,23.25246,0.9
210933044,57.26231,21.913120000000003,0.9
211047980,57.274409999999996,23.73975,0.9
211008337,57.27466,23.10613,0.9
211050460,57.27545,23.781270000000003,0.9
211086260,57.29595,24.347579999999997,0.9
210949534,57.29681,22.17679,0.9
211036665,57.296980000000005,23.555239999999998,0.1
211104722,57.29885,24.6366,0.9
211057064,57.3008,23.88683,0.9
211016037,57.301269999999995,23.22835,0.9
211100392,57.314080000000004,24.56728,0.9
211025773,57.315059999999995,23.38038,0.9
211068337,57.31836,24.063670000000002,0.9
211089419,57.319959999999995,24.39613,0.9
211065427,57.320009999999996,24.01635,0.1
211113202,57.33579,24.776670000000003,0.9
211108263,57.33851,24.69472,0.9
211042656,57.33954,23.6518,0.9
210915466,57.34376999999999,21.63233,0.9
211054014,57.35021,23.83928,0.9
210958195,57.35643,22.31242,0.9
211004548,57.35665,23.0473,0.9
211089916,57.3649,24.40384,0.9
211098117,57.365140000000004,24.53173,0.9
211046315,57.36974,23.712229999999998,0.9
211042471,57.3742,23.64873,0.9
211044929,57.38008000000001,23.68885,0.9
211018906,57.38398000000001,23.271729999999998,0.9
211059767,57.38556,23.928520000000002,0.9
211027758,57.3857,23.41146,0.9
211025770,57.386340000000004,23.38041,0.9
211098279,57.38763,24.53406,0.9
211051330,57.388,23.79542,0.9
211030481,57.395469999999996,23.45468,0.9
210815768,57.39895,20.10804,0.9
210947895,57.39949,22.15148,0.9
211020101,57.41415,23.29012,0.9
210829886,57.42091,20.32433,0.1
211017407,57.421369999999996,23.24989,0.9
210934634,57.42374,21.93875,0.9
211093684,57.42612,24.463060000000002,0.9
211084463,57.42793,24.31883,0.9
211046293,57.431369999999994,23.711879999999997,0.9
210949721,57.451809999999995,22.18016,0.9
211045933,57.45981999999999,23.70563,0.9
210872577,57.459880000000005,20.96676,0.9
210894583,57.4658,21.30734,0.1
211070577,57.48117,24.10145,0.9
210833622,57.48359,20.381320000000002,0.9
211015348,57.48536,23.21864,0.9
211047055,57.49012,23.724529999999998,0.9
211054599,57.491890000000005,23.848689999999998,0.9
211046168,57.49306,23.709429999999998,0.9
211076441,57.498059999999995,24.19611,0.9
211055468,57.50904,23.86245,0.9
211020988,57.5208,23.30485,0.9
211071889,57.521080000000005,24.12398,0.9
211156183,57.53504,25.54891,0.9
211064196,57.551080000000006,23.99589,0.9
211059658,57.55186,23.92673,0.9
211149525,57.561440000000005,25.42505,0.9
211078413,57.5636,24.22672,0.9
211147023,57.57358000000001,25.37955,0.9
211007717,57.58875,23.09639,0.9
210950265,57.595459999999996,22.18836,0.9
210855272,57.60395,20.70505,0.1
211059754,57.604769999999995,23.92833,0.9
211025708,57.61391999999999,23.37921,0.9
211005706,57.615919999999996,23.06531,0.9
210947594,57.63309,22.1466,0.9
210830104,57.641059999999996,20.32744,0.9
211149600,57.64881999999999,25.42651,0.9
210967901,57.65585,22.468989999999998,0.9
211015258,57.662130000000005,23.21744,0.9
211147822,57.66373000000001,25.39377,0.9
211060078,57.66698,23.93306,0.9
211161968,57.67163000000001,25.65856,0.9
211022539,57.714330000000004,23.3291,0.9
211062007,57.7185,23.96154,0.9
211053737,57.726330000000004,23.834889999999998,0.9
211158092,57.735859999999995,25.58519,0.9
211059775,57.74235,23.92857,0.9
211129308,57.75963,25.05547,0.1
211038382,57.763619999999996,23.583479999999998,0.9
210963935,57.7663,22.40479,0.9
211023807,57.77959,23.34938,0.9
211048321,57.79948,23.74539,0.9
211060049,57.8003,23.93263,0.9
211147423,57.80769,25.38656,0.9
211019565,57.81589,23.28227,0.9
210878635,57.819219999999994,21.05975,0.9
211053255,57.82023,23.8266,0.9
211011910,57.831140000000005,23.16379,0.9
211135523,57.84222,25.16613,0.9
210945519,57.84946,22.11339,0.9
211131748,57.84952,25.09802,0.9
211138883,57.901680000000006,25.228,0.9
211013066,57.90841999999999,23.18317,0.9
211025002,57.912769999999995,23.36795,0.9
211125210,57.9185,24.983179999999997,0.9
210917754,57.92535,21.66836,0.9
211020371,57.9631,23.29484,0.9
211038222,57.96475,23.58041,0.9
210927253,57.9648,21.82142,0.9
210927331,57.96621,21.822770000000002,0.9
211036881,57.977090000000004,23.55882,0.9
211023176,57.988890000000005,23.33943,0.9
211106636,57.99507,24.66796,0.9
211106535,57.99715,24.6664,0.9
211127537,58.00682,25.02486,0.9
211106344,58.009330000000006,24.6633,0.1
211132111,58.01095,25.1042,0.9
211127297,58.0149,25.02055,0.9
210923443,58.01821999999999,21.7609,0.9
210974893,58.02321,22.58205,0.9
210939705,58.027730000000005,22.02073,0.9
211151674,58.03311,25.46521,0.9
210866482,58.0467,20.876070000000002,0.9
211093203,58.07309,24.45549,0.9
210939348,58.07686999999999,22.01489,0.9
210907442,58.1024,21.506320000000002,0.1
211140155,58.130680000000005,25.25217,0.9
210969937,58.14359,22.50217,0.9
211127164,58.147130000000004,25.01799,0.9
211171449,58.162119999999994,25.84046,0.9
211093906,58.180119999999995,24.46631,0.9
211086444,58.185280000000006,24.34988,0.9
211141637,58.18894,25.27986,0.9
210919084,58.19025,21.68893,0.9
210920246,58.20288000000001,21.70787,0.1
210971348,58.21545,22.52586,0.9
210924735,58.22084,21.78196,0.9
211124025,58.232980000000005,24.961660000000002,0.9
210965731,58.23733000000001,22.43376,0.9
210880560,58.24312,21.08899,0.9
211150258,58.24488,25.4387,0.9
211120561,58.24641,24.901529999999998,0.9
211130173,58.271330000000006,25.07104,0.9
211168863,58.28031,25.78935,0.9
211068400,58.34874,24.06506,0.9
211128116,58.35204,25.03533,0.9
210871940,58.38149,20.957539999999998,0.9
211090925,58.42063,24.41939,0.9
210863683,58.42924,20.83351,0.9
211048116,58.44826,23.74195,0.9
211177579,58.459430000000005,25.96461,0.9
210964780,58.47009,22.418570000000003,0.9
210840112,58.49216,20.48045,0.9
211101218,58.50155,24.580560000000002,0.9
211063361,58.50289,23.98333,0.9
211085419,58.53719,24.33364,0.9
211143325,58.54784,25.31195,0.9
210873256,58.55631999999999,20.9774,0.9
211086170,58.56499,24.34605,0.9
211153286,58.57845,25.49529,0.9
211069011,58.589969999999994,24.07564,0.9
211041682,58.593630000000005,23.63673,0.9
211109330,58.60429,24.712139999999998,0.9
211087059,58.605180000000004,24.36008,0.9
210899950,58.61595,21.389770000000002,0.9
211053776,58.61649,23.835420000000003,0.9
211060762,58.61711,23.94344,0.9
211084620,58.61852,24.32115,0.9
211163008,58.64004,25.678810000000002,0.9
210931244,58.644969999999994,21.88394,0.9
211102300,58.66299,24.5985,0.9
211128979,58.6932,25.04984,0.1
211154974,58.69385,25.52645,0.9
211100931,58.718990000000005,24.57624,0.9
211139534,58.741769999999995,25.24149,0.9
211069510,58.78735,24.084120000000002,0.9
210776021,58.80676,19.504720000000002,0.9
210784223,58.81555,19.62963,0.9
211139818,58.86269,25.24614,0.9
211049922,58.87085,23.77245,0.9
210879932,58.88307,21.07951,0.9
211062846,58.893409999999996,23.974610000000002,0.9
210892390,58.914590000000004,21.2728,0.9
211059650,58.953019999999995,23.92677,0.9
211142685,58.98505,25.30007,0.9
210886244,58.989740000000005,21.17752,0.9
211099297,58.993280000000006,24.54994,0.9
210909923,59.01886,21.54522,0.9
210846442,59.04716,20.57508,0.9
211129571,59.04741,25.0602,0.9
210877423,59.051269999999995,21.04085,0.9
211152884,59.06581,25.48765,0.9
211062206,59.077459999999995,23.96444,0.9
210882573,59.09293,21.12144,0.9
211116507,59.09788,24.83243,0.9
210769047,59.099669999999996,19.39828,0.9
211007344,59.10409,23.09081,0.9
211081949,59.10803000000001,24.28099,0.1
211066413,59.120419999999996,24.031779999999998,0.9
210986927,59.19914,22.768929999999997,0.9
210804191,59.20811,19.93047,0.9
211065006,59.32017,24.00923,0.9
211141632,59.37562,25.27971,0.9
210965709,59.38333000000001,22.4334,0.9
211060969,59.387730000000005,23.94652,0.9
211067702,59.38879,24.05319,0.9
210996915,59.39414,22.92576,0.1
211000740,59.39689,22.98566,0.9
211059949,59.40031,23.93124,0.9
211140995,59.41944,25.267879999999998,0.9
211147344,59.429030000000004,25.385270000000002,0.9
210947280,59.45568000000001,22.142039999999998,0.9
211057850,59.50815,23.89857,0.9
211065426,59.60471999999999,24.01635,0.9
211006027,59.62907,23.07028,0.9
210980418,59.64236,22.66985,0.9
211129321,59.77625,25.05559,0.1
210967582,59.77935,22.46348,0.9
211082429,59.80381,24.288510000000002,0.9
210791550,59.81933000000001,19.74099,0.9
210974237,59.8454,22.571360000000002,0.9
210926194,59.862159999999996,21.80528,0.9
211009416,59.8647,23.12379,0.9
210892321,59.88105,21.2719,0.9
210932705,59.91596,21.90782,0.9
210887995,59.927730000000004,21.20427,0.1
210944157,59.99935,22.09159,0.1
210940839,60.042840000000005,22.03819,0.9
211127799,60.06605,25.0296,0.9
211029446,60.108909999999995,23.43825,0.9
211030074,60.16766,23.448420000000002,0.9
211013743,60.22132,23.19391,0.9
210833049,60.26719,20.3727,0.1
210949562,60.297309999999996,22.17732,0.9
211012609,60.30823,23.175060000000002,0.9
210912544,60.3585,21.585820000000002,0.9
210948982,60.45483,22.16818,0.9
211000887,60.46225,22.98777,0.9
211110672,60.48271,24.734070000000003,0.9
211010517,60.64488000000001,23.1413,0.9
211033935,60.7082,23.51078,0.9
211057712,60.93263,23.8965,0.9
211046826,60.95649,23.72061,0.1
210839388,61.03515,20.46941,0.9
210941338,61.14493,22.0463,0.9
210957703,61.30712,22.30519,0.9
210975876,61.45863000000001,22.59841,0.1
210977069,61.6189,22.61669,0.9
210973624,61.624880000000005,22.56219,0.1
210940618,61.733430000000006,22.0347,0.9
210875952,61.95449,21.01827,0.9
211052320,62.51583,23.8122,0.9
210784603,52.7649,19.63475,0.9
210899735,53.009809999999995,21.38635,0.9
210904850,53.048069999999996,21.46559,0.9
210971138,53.293730000000004,22.52204,0.9
211029507,53.828109999999995,23.43919,0.9
211018285,54.21886,23.26258,0.1
211071563,54.89773,24.11842,0.9
211073598,55.41189,22.277929999999998,0.9
211059010,55.42669,23.91589,0.9
210817106,55.82808000000001,20.12912,0.9
211075777,55.83795,24.18589,0.9
211088007,55.930209999999995,24.37455,0.9
210967607,56.10624,22.463910000000002,0.9
211089323,56.10711,24.39467,0.9
211038095,56.14955,23.57836,0.9
210804032,56.19704,19.92827,0.1
211018711,56.213480000000004,23.26896,0.9
211012313,56.36552,23.17035,0.1
211047412,56.407309999999995,23.73065,0.9
211085527,56.40741,24.335639999999998,0.9
211078009,56.43504,24.22033,0.9
211066835,56.465140000000005,24.0389,0.9
211067590,56.49041,24.05144,0.9
211097879,56.51203,24.52787,0.9
211076042,56.566680000000005,24.18984,0.9
211080301,56.61366999999999,24.255029999999998,0.9
211094556,56.633430000000004,24.476229999999997,0.9
211040918,56.64252,23.624010000000002,0.9
211090558,56.679069999999996,24.4141,0.9
211056608,56.75148000000001,23.8801,0.9
210837725,56.772259999999996,20.44432,0.1
211080604,56.78921,24.2597,0.9
211078329,56.79909,24.22541,0.9
211078745,56.7994,24.23165,0.9
211072836,56.830619999999996,24.139120000000002,0.9
211051770,56.837340000000005,23.80336,0.9
211101694,56.85021999999999,24.58847,0.9
211082420,56.87274,24.288339999999998,0.9
211103431,56.9351,24.61557,0.1
211127791,57.03671,25.02939,0.9
211080885,57.059569999999994,24.264120000000002,0.9
211093202,57.17784,24.45545,0.9
211102810,57.31298,24.60631,0.9
211088413,57.34056999999999,24.38097,0.9
211060530,57.40047,23.93984,0.9
211023311,57.4205,23.34161,0.9
211052416,57.55246999999999,23.81364,0.9
210837336,58.03669,20.4386,0.1
211136223,58.1758,25.17845,0.9
211142460,58.226,25.29542,0.9
211142730,58.281130000000005,25.30099,0.1
211067949,58.34028000000001,24.05745,0.9
210770541,58.35033000000001,19.42136,0.9
211052796,58.45019,23.81941,0.9
211004088,59.04326,23.04004,0.9
211135624,59.217940000000006,25.16815,0.9
211115160,59.237840000000006,24.809639999999998,0.9
211132306,59.55801999999999,25.1077,0.1
210914325,59.70856,21.6148,0.9
211083805,59.73499,24.30901,0.9
210917578,59.87215,21.665670000000002,0.9
211162249,59.982890000000005,25.664179999999998,0.9
211029542,60.07049,23.43975,0.9
211038138,60.27414,23.57897,0.9
211143760,60.498219999999996,25.32016,0.9
210998086,60.93402,22.9443,0.9
211026906,61.1549,23.39764,0.9
