HIP,TYC,source_id,c,p,RV,e_RV,s_RV,plx_mod,e_plx_mod,RAJ2000_HIP,DEJ2000_HIP,RAJ2000_TYC,DEJ2000_TYC,DEJ2000_GaiaDR1,RAJ2000_GaiaDR1,RAJ2000,DEJ2000,ID,RAJ2000_epoch2000,DEJ2000_epoch2000
,1804-812-1,67351752990540544,0.4332,0.9333,35.28,1.092,8.0,22.658,0.158,,,,,25.804222936867426,58.171521868568654,58.170848960568144,25.804445983078818,67351752990540544,58.170848960568144,25.804445983078818
,1266-1286-1,3312644881687518976,0.23199999999999998,0.9723,40.73,1.078,8.0,21.223000000000003,0.161,,,68.2477135825425,15.8189682273343,15.818861952443418,68.24814843040737,68.2477005881076,15.818970149777673,3312644881687518976,68.2477005881076,15.818970149777673
,1265-433-1,3312921374502681984,0.4752,0.9243,40.04,1.085,8.0,23.496,0.207,,,,,16.47080629125407,67.04579382965609,67.04528102700097,16.470943096447726,3312921374502681984,67.04528102700097,16.470943096447726
,677-227-1,3306303998130681728,6.6793,0.0829,41.211999999999996,1.005,10.0,,,,,,,11.557861899521672,68.54685024676685,68.5464276439035,11.557955076451721,3306303998130681728,68.5464276439035,11.557955076451721
,1266-1175-1,3309956850635519488,0.2382,0.9712,40.8,1.051,8.0,20.323,0.158,,,69.0219473529117,15.6840050239701,15.683904334049787,69.02236016853156,69.02193065266228,15.68400845223071,3309956850635519488,69.02193065266228,15.68400845223071
,1269-57-1,3314484089763294592,1.4393,0.6963,38.135,3.9410000000000003,8.0,20.643,0.14300000000000002,,,,,18.500111173052733,66.99614693378767,66.99566979041515,18.50026089367641,3314484089763294592,66.99566979041515,18.50026089367641
,1266-149-1,3313259165090609280,0.5251,0.9134,39.41,1.334,8.0,20.578000000000003,0.2,,,,,16.762393446108078,68.40862242098031,68.40818204805163,16.762501825647384,3313259165090609280,68.40818204805163,16.762501825647384
,1266-944-1,3312602344331419136,0.8486,0.8378,40.16,1.091,8.0,19.099,0.161,,,,,15.827471827135854,68.63448474418476,68.63408067423642,15.82755826971664,3312602344331419136,68.63408067423642,15.82755826971664
,1265-569-1,3313630078465745280,1.0615,0.7864,34.96,3.4189999999999996,8.0,17.596,0.142,,,,,16.37883877957178,66.05365557738706,66.05325897399257,16.37893209445206,3313630078465745280,66.05325897399257,16.37893209445206
,680-594-1,3310876798270577792,3.9617,0.2656,40.532,1.002,10.0,,,,,,,14.260583575278849,66.85602698442572,66.85559641577561,14.26063253973911,3310876798270577792,66.85559641577561,14.26063253973911
,697-59-1,3391728561185367168,0.4726,0.9249,42.738,1.119,2.0,23.346999999999998,0.21,,,,,13.932918781664366,75.40051556488665,75.40013556494091,13.933011869597006,3391728561185367168,75.40013556494091,13.933011869597006
,1271-879-1,3406216379227986048,3.8488,0.2783,43.56,1.673,8.0,,,,,,,17.068994577842872,70.8158234122362,70.81537439079145,17.06916836293862,3406216379227986048,70.81537439079145,17.06916836293862
,1280-58-1,3405988677241799040,0.1327,0.9876,41.31,1.113,8.0,20.579,0.16699999999999998,,,,,16.41194798803364,72.50333779596959,72.50295958304834,16.412063831531277,3405988677241799040,72.50295958304834,16.412063831531277
,1280-681-1,3405127244241184256,0.2718,0.9652,41.86600000000001,1.4880000000000002,2.0,16.679000000000002,0.175,,,,,15.9474538928153,72.21564302260198,72.21533238482533,15.947541784852927,3405127244241184256,72.21533238482533,15.947541784852927
,1274-1204-1,3410640882737635200,0.1193,0.9894,39.33,1.053,8.0,19.279,0.204,,,68.1706090087325,19.1134806582627,19.113341691091566,68.17100899561349,68.17059607108904,19.113484747549087,3410640882737635200,68.17059607108904,19.113484747549087
18018.0,,66482348530642176,0.0164,0.9994,34.42,1.0070000000000001,5.0,24.6,0.165,57.7629790408217,23.9036506884453,,,23.903450610370992,57.76367460047049,57.762956304643154,23.903657699644484,66482348530642176,57.762956304643154,23.903657699644484
19862.0,,3312197930211158784,0.0777,0.9944,38.049,1.014,5.0,22.346,0.179,63.8903672286535,15.706267654862,,,15.706170508849757,63.89088811561303,63.89034912995782,15.706270390130058,3312197930211158784,63.89034912995782,15.706270390130058
19834.0,,3311492799660064384,0.0672,0.9955,37.867,1.063,5.0,21.135,0.152,63.7933679473315,14.3984553871487,,,14.398379033792155,63.7938615374625,63.79335300299224,14.398457887496493,3311492799660064384,63.79335300299224,14.398457887496493
21138.0,,3312564033223630720,0.1643,0.9831,40.367,1.022,5.0,22.017,0.174,67.9686342865908,15.4994814523053,,,15.499380300810547,67.9690893486698,67.96861926734525,15.499484785029047,3312564033223630720,67.96861926734525,15.499484785029047
18327.0,1253-868-1,43538289638888064,0.4857,0.922,36.027,1.008,5.0,24.449,0.156,58.7770881684733,16.9984776944801,,,16.998375793811284,58.777732332797164,58.777067868739,16.99848123303104,43538289638888064,58.777067868739,16.99848123303104
20890.0,1273-711-1,48061405596787712,0.1923,0.9788,39.22,1.003,5.0,21.081999999999997,0.17600000000000002,67.1550665277924,19.740689635984,,,19.740530557368167,67.15552242282577,67.15505256701879,19.740694701701827,48061405596787712,67.15505256701879,19.740694701701827
20130.0,1272-325-1,49005576847854080,0.2806,0.9636,38.89,1.002,5.0,21.616999999999997,0.168,64.7415603280293,19.9067016030485,,,19.906549116605213,64.7420609597224,64.74154429322985,19.90670633936308,49005576847854080,64.74154429322985,19.90670633936308
19504.0,1255-312-1,46975431705914112,0.1056,0.9912,37.1,1.044,5.0,21.805,0.17600000000000002,62.6765124841719,18.4232540113373,,,18.423125275304447,62.67704552404234,62.67649415132201,18.42325841708179,46975431705914112,62.67649415132201,18.42325841708179
19148.0,1250-686-1,45367052352895360,0.45399999999999996,0.9289,37.607,1.014,5.0,21.069000000000003,0.15,61.5671990964311,15.6981207260114,,,15.69803842299654,61.567713765573686,61.567181868505976,15.698122880425235,45367052352895360,61.567181868505976,15.698122880425235
20146.0,1268-352-1,47345005052090880,0.1627,0.9834,38.146,1.003,5.0,21.399,0.16399999999999998,64.7833669385314,17.5247551530668,,,17.524638378564774,64.7838606657426,64.78335014265043,17.524757990282005,47345005052090880,64.78335014265043,17.524757990282005
20350.0,1268-295-1,47541096078933376,1.0259,0.795,41.2,2.4,5.0,21.405,0.205,65.3844515255903,18.4175836815131,,,18.41744921820288,65.38493716942581,65.38443523805911,18.417586409801764,47541096078933376,65.38443523805911,18.417586409801764
13976.0,641-305-1,8479090076267264,0.7785,0.8546,28.75,1.016,5.0,42.528,0.19699999999999998,45.0117168821549,7.7497548423119,,,7.74984346314351,45.01309578976287,45.011670416753944,7.749752367356518,8479090076267264,45.011670416753944,7.749752367356518
15563.0,649-5-1,11037722353344384,0.0946,0.9925,30.85,1.033,5.0,31.693,0.16699999999999998,50.1216463612036,8.4544500819069,,,8.454475969788005,50.12259973569017,50.1216144446721,8.454450478273879,11037722353344384,50.1216144446721,8.454450478273879
19207.0,1250-4-1,45159897490770816,0.465,0.9265,38.055,1.026,5.0,22.119,0.165,61.7551058869058,15.3350301185867,,,15.334947004992165,61.755645171544856,61.75508896087811,15.335032405822728,45159897490770816,61.75508896087811,15.335032405822728
19261.0,1250-74-1,45142202225515008,0.2625,0.9669,38.146,1.033,5.0,22.749000000000002,0.20199999999999999,61.92493084,15.162785,,,15.162692483725175,61.925484387254194,61.92491318010767,15.16279069612381,45142202225515008,61.92491318010767,15.16279069612381
20019.0,1268-6-1,45789299177700352,0.1072,0.991,37.569,1.008,5.0,21.656999999999996,0.166,64.4122743401982,16.9478361164111,,,16.947731169927582,64.41276523564528,64.41224585753075,16.947848426737522,45789299177700352,64.41224585753075,16.947848426737522
19082.0,1258-652-1,50298121485861120,0.1634,0.9833,37.409,1.024,5.0,21.316,0.171,61.356960407444,19.4421517606458,,,19.442015782889708,61.357499803378445,61.356942681934406,19.4421562921718,50298121485861120,61.356942681934406,19.4421562921718
18322.0,662-171-1,38354676428572288,0.1451,0.9859,36.303000000000004,1.024,5.0,21.705,0.149,58.7560054474809,12.4855862140182,,,12.485543679223301,58.75656549278651,58.755986846606206,12.485587827127626,38354676428572288,58.755986846606206,12.485587827127626
17962.0,1252-212-1,43789768566924416,1.1904,0.7553,40.0,5.0,5.0,20.51,0.16399999999999998,57.6040269161008,17.2465092335239,,,17.246415749410815,57.60458308608385,57.60401009834439,17.246511690266058,43789768566924416,57.60401009834439,17.246511690266058
19263.0,1250-414-1,45567507066546048,0.2113,0.9757,37.854,1.001,5.0,21.815,0.157,61.9299953908936,16.5187902202359,,,16.518686165923555,61.93052740423564,61.92997804290561,16.51879357170569,45567507066546048,61.92997804290561,16.51879357170569
20056.0,1268-327-1,47620260916592384,0.0253,0.9989,37.7,1.077,5.0,21.444000000000003,0.191,64.5076488074543,18.2568086848227,,,18.25667438794362,64.50815247322608,64.5076394625931,18.256809135260564,47620260916592384,64.5076394625931,18.256809135260564
20349.0,1276-251-1,49231663928585344,0.7899,0.8519,37.1,1.2,5.0,20.394000000000002,0.175,65.3818706494866,21.039877322149,,,21.039727254143237,65.38233901811181,65.38185540331872,21.039882184982172,49231663928585344,65.38185540331872,21.039882184982172
19870.0,1263-1000-1,49365082792386816,0.24600000000000002,0.9698,38.037,1.0070000000000001,5.0,20.257,0.16399999999999998,63.9268220756788,20.8197995117644,63.9268220756788,20.8197995117644,20.819651183487238,63.927308774454005,63.9268038278511,20.819802520638564,49365082792386816,63.9268038278511,20.819802520638564
18946.0,1258-768-1,50327292903510144,0.2142,0.9753,36.053000000000004,1.033,5.0,21.107,0.155,60.9126700660543,19.4550121388048,,,19.454873631354282,60.91320847306402,60.9126507055674,19.455017501672497,50327292903510144,60.9126507055674,19.455017501672497
20614.0,1273-1106-1,47965438847833600,0.9738,0.8076,36.6,1.2,5.0,20.936999999999998,0.204,66.2380263736078,19.042007971854,66.2380263736078,19.042007971854,19.04186487485938,66.23848292942128,66.2380038352929,19.04201334774738,47965438847833600,66.2380038352929,19.04201334774738
20255.0,1268-1268-1,47752477189229184,3.3102,0.3462,42.0,1.2,5.0,22.034000000000002,0.20800000000000002,65.1045918608554,18.7426794599816,65.1045918608554,18.7426794599816,18.742499843360264,65.10510793050842,65.10459101744411,18.742647147457387,47752477189229184,65.10459101744411,18.742647147457387
19934.0,1276-86-1,52548237672091392,0.025,0.9990000000000001,37.675,1.018,5.0,19.633,0.14800000000000002,64.1394894547636,21.9074674910107,,,21.9073076423004,64.13996031447653,64.13947454558377,21.90747299338536,52548237672091392,64.13947454558377,21.90747299338536
19789.0,1263-949-1,52813460492850304,1.4587,0.6918,38.4,1.2,5.0,17.008,0.154,63.6267460093327,22.4518360916603,,,22.451732963024078,63.6271623234267,63.62673051573358,22.451872867338015,52813460492850304,63.62673051573358,22.451872867338015
15304.0,649-766-1,10584895361388800,10.0261,0.0183,32.282,1.022,5.0,,,49.359942835187,7.6558106615249,,,7.655784772291183,49.36064229715664,49.35991925996747,7.655811728555357,10584895361388800,49.35991925996747,7.655811728555357
15310.0,649-1241-1,10608569223157760,11.3999,0.0097,32.601,1.008,5.0,,,49.3865840250293,7.6901542955386,,,7.690128094748176,49.38729357258677,49.38655980575842,7.690155536178953,10608569223157760,49.38655980575842,7.690155536178953
16908.0,1247-684-1,64266763882171648,2.384,0.4966,32.747,1.022,5.0,,,54.3957406284144,21.3431805177656,,,21.343067138164482,54.39635265969316,54.39570183727845,21.343180427436046,64266763882171648,54.39570183727845,21.343180427436046
16529.0,1798-1193-1,68000018174329600,0.2029,0.9771,31.976,1.014,5.0,23.872,0.149,53.208662090758,23.6921871797457,53.208662090758,23.6921871797457,23.69202278813861,53.209400100361044,53.20863742403013,23.69219247456141,68000018174329600,53.20863742403013,23.69219247456141
15300.0,1792-913-3,118234505424319360,0.3961,0.941,28.925,1.041,5.0,26.064,0.14800000000000002,49.34525438,26.3150264,,,26.314825175093564,49.34613264065104,49.34523739942834,26.315036482131696,118234505424319360,49.34523739942834,26.315036482131696
21741.0,1830-1358-1,146698078328904064,0.5072,0.9173,40.522,1.013,5.0,16.874000000000002,0.141,70.0243471632433,23.3045455102757,70.0243471632433,23.3045455102757,23.304385826653558,70.02469061238686,70.0243359257765,23.304551559712763,146698078328904064,70.0243359257765,23.304551559712763
14976.0,2344-1916-1,125355320683228288,0.2196,0.9744,27.67,1.024,5.0,25.320999999999998,0.14,48.261640091011,32.8964490172018,48.261640091011,32.8964490172018,32.896191018735095,48.262555747822624,48.26160919760809,32.89645700645158,125355320683228288,48.26160919760809,32.89645700645158
15720.0,1805-247-1,117654650480415744,0.4029,0.9396,29.3,1.097,5.0,31.51,0.171,50.6172490125048,27.1560528262764,,,27.155784761597435,50.61828376690558,50.617215408157186,27.15606226218201,117654650480415744,50.617215408157186,27.15606226218201
22394.0,1835-658-1,147182172683187712,0.0745,0.9947,39.77,1.047,5.0,20.457,0.182,72.3041083033345,24.802841039887,,,24.80261972906344,72.30449704882314,72.30409531101834,24.802847555821987,147182172683187712,72.30409531101834,24.802847555821987
21637.0,1830-1020-1,146677874804442240,0.0451,0.9975,39.614000000000004,1.041,5.0,23.244,0.188,69.7137170294693,23.1499742362696,69.7137170294693,23.1499742362696,23.149747461356597,69.71419532493726,69.71370136101434,23.149980780975113,146677874804442240,69.71370136101434,23.149980780975113
21482.0,1838-564-1,151650072541569280,4.2426,0.2364,35.643,1.003,5.0,,,69.2010055708642,27.1321939755033,,,27.13157683547096,69.20209612941166,69.20097326680225,27.132212689772405,151650072541569280,69.20097326680225,27.132212689772405
13806.0,1794-435-1,129070226875627008,0.0689,0.9953,25.869,1.022,5.0,24.145,0.138,44.4444691912169,29.6614628898914,,,29.661274964665875,44.44536814098964,44.44443950514397,29.661469657755493,129070226875627008,44.44443950514397,29.661469657755493
21256.0,1278-1315-1,144377799556207488,0.3945,0.9414,40.486999999999995,1.02,5.0,23.041999999999998,0.18,68.4049191453702,21.1508511525781,68.4049191453702,21.1508511525781,21.15065819314812,68.40540280998427,68.40490274864837,21.150857340735072,144377799556207488,68.40490274864837,21.150857340735072
20712.0,1277-808-1,145293177350363264,1.2154,0.7493,38.626,1.01,5.0,20.769000000000002,0.188,66.5770776109862,21.4704327047764,,,21.470272774611995,66.57753999426075,66.57706098843813,21.47043581346105,145293177350363264,66.57706098843813,21.47043581346105
20557.0,1277-747-1,145373372976256512,0.2205,0.9742,38.984,1.008,5.0,23.268,0.187,66.0607231240487,21.7362457974275,,,21.736055070667135,66.06125039437644,66.06070637989608,21.736252240886987,145373372976256512,66.06070637989608,21.736252240886987
20480.0,1276-639-1,145325544220443904,0.324,0.9555,38.504,1.028,5.0,19.777,0.154,65.8430408619706,21.3790981872277,,,21.37894006940663,65.84348635014562,65.84302688718434,21.37910339606148,145325544220443904,65.84302688718434,21.37910339606148
21760.0,1842-1264-1,158941552620603776,13.3857,0.0039,28.6,1.8,1.0,,,70.0945512670231,29.9722061709215,70.0945512670231,29.9722061709215,29.972063665042626,70.09478377536422,70.09451539485056,29.972231025946407,158941552620603776,70.09451539485056,29.972231025946407
20949.0,1837-270-1,151379146007107200,0.4351,0.9329,38.228,1.014,5.0,17.283,0.154,67.3781908554292,26.6715477232898,,,26.67134667285244,67.37857702004025,67.37817810488046,26.67155538779581,151379146007107200,67.37817810488046,26.67155538779581
21099.0,1273-428-1,144171228809559808,0.1953,0.9784,39.937,1.003,5.0,21.928,0.163,67.8153927552276,20.1331693447876,,,20.133005615694547,67.8158651303686,67.81537715904,20.133174637203584,144171228809559808,67.81537715904,20.133174637203584
21008.0,1273-583-1,144130512519598848,4.1397,0.2468,38.0,2.5,5.0,,,67.5749071458297,19.8405314669437,,,19.840422354894407,67.57530039381699,67.57486699838806,19.84056739499803,144130512519598848,67.57486699838806,19.84056739499803
19793.0,1815-517-1,149005266040519808,0.1579,0.9841,37.692,1.026,5.0,22.218000000000004,0.159,63.6346432161142,23.5749438938167,,,23.5747434388685,63.635188645807155,63.63462579277847,23.574951409581804,149005266040519808,63.63462579277847,23.574951409581804
10672.0,44-1162-1,2519811304873532160,11.2715,0.0103,26.8,1.05,5.0,,,34.3323257867318,5.3607418834902,,,5.3608132626059595,34.332934481702125,34.33230526815609,5.360739498884978,2519811304873532160,34.33230526815609,5.360739498884978
23312.0,106-892-1,3239389678968988288,0.5857,0.8997,42.61,1.077,5.0,19.489,0.18,75.2036937039901,4.7331117920816,,,4.733153564430831,75.2039971193151,75.20368326522592,4.733110638787543,3239389678968988288,75.20368326522592,4.733110638787543
19441.0,666-35-1,3300315439330018304,0.2532,0.9686,38.364000000000004,1.013,5.0,27.958000000000002,0.183,62.4556211460956,9.3054923379672,,,9.305469129388888,62.45627499788089,62.45559986949794,9.305492581166783,3300315439330018304,62.45559986949794,9.305492581166783
21152.0,90-33-1,3285426608781249408,0.0786,0.9943,40.2,1.0,5.0,23.428,0.22,68.020034330247,5.4100419156541,,,5.410073615063923,68.02050517240042,68.02001827388125,5.410038911206784,3285426608781249408,68.02001827388125,5.410038911206784
22177.0,88-1355-1,3281064262038614912,0.2186,0.9745,42.25,1.031,5.0,22.081,0.183,71.5783067030921,3.63633670936,,,3.6363921788475935,71.57869652183426,71.57829420606372,3.636334960142628,3281064262038614912,71.57829420606372,3.636334960142628
19796.0,671-211-1,3300934223858467072,0.4524,0.9292,38.563,1.011,5.0,22.156,0.161,63.64308666743,10.7013876578677,,,10.701363747100155,63.643594310985804,63.64307039283741,10.701387496813515,3300934223858467072,63.64307039283741,10.701387496813515
19786.0,675-351-1,3304412597612195328,0.0902,0.993,38.802,1.01,5.0,21.142,0.165,63.6135606314361,12.4353146454602,,,12.43526027944727,63.61405047791578,63.61354423537758,12.435316497889682,3304412597612195328,63.61354423537758,12.435316497889682
17766.0,71-1173-1,3277270534605393920,0.2579,0.9677,34.492,1.031,5.0,27.655,0.17,57.0494313848973,7.1462435412158,,,7.146270705308769,57.05016873322544,57.049407127389145,7.146242714354459,3277270534605393920,57.049407127389145,7.146242714354459
20601.0,78-1147-1,3283823383388619008,5.0726,0.1666,41.448,1.0070000000000001,5.0,,,66.1801066787564,4.6999553472461,,,4.6999619888769,66.18052216928312,66.18009318357873,4.699953130870824,3283823383388619008,66.18009318357873,4.699953130870824
21053.0,1265-763-1,3312837021344678144,1.4866,0.6854,40.9,1.3,5.0,23.114,0.225,67.6949915753106,16.148682603387,,,16.14854171363946,67.69548716638907,67.69499662232306,16.148678527357006,3312837021344678144,67.69499662232306,16.148678527357006
20948.0,1269-557-1,3314212063714381056,0.0309,0.9986,38.896,1.028,5.0,21.723000000000003,0.187,67.3764605570194,17.8631654092298,,,17.863031679935503,67.37692584099567,67.37644593999096,17.863169311362725,3314212063714381056,67.37644593999096,17.863169311362725
21317.0,1266-278-1,3312575681175439616,0.2149,0.9751,40.324,1.013,5.0,21.745,0.17,68.6471257337145,15.5046231937428,,,15.504511390029077,68.64756188507155,68.64711006616062,15.504626526469707,3312575681175439616,68.64711006616062,15.504626526469707
21112.0,681-829-1,3307815001984777088,0.1197,0.9894,40.580999999999996,1.047,5.0,18.741,0.17300000000000001,67.8722683432648,13.9034229407318,,,13.90340255924015,67.87266071003366,67.872261758929,13.903477294846635,3307815001984777088,67.872261758929,13.903477294846635
21723.0,690-945-1,3307992332594320640,0.4567,0.9283,41.626999999999995,1.018,5.0,23.171,0.179,69.9623858079281,12.7284782958121,,,12.728410982791733,69.96282379659395,69.9623709930561,12.72848057682783,3307992332594320640,69.9623709930561,12.72848057682783
20577.0,1269-1152-1,3313662892016181504,1.0854,0.7806,38.396,1.003,5.0,22.204,0.171,66.1180301552738,16.8861672985568,66.1180301552738,16.8861672985568,16.886061139666936,66.1185183774004,66.11800954783283,16.886168951905276,3313662892016181504,66.11800954783283,16.886168951905276
21474.0,1266-1214-1,3309967055477808000,10.5019,0.0147,33.7,1.2,5.0,,,69.1696581261984,15.8693548759734,69.1696581261984,15.8693548759734,15.869213277565756,69.17008889019905,69.16966342816275,15.869324919049209,3309967055477808000,69.16966342816275,15.869324919049209
20826.0,676-62-1,3306922954457367936,0.1292,0.9881,39.986,1.022,5.0,22.006999999999998,0.171,66.9419773432638,11.7364189906505,,,11.7363672504647,66.94244576243062,66.94196200134623,11.736420943377304,3306922954457367936,66.94196200134623,11.736420943377304
20485.0,1264-902-1,3312025581763840512,0.1666,0.9828,38.405,1.022,5.0,24.435,0.19699999999999998,65.8553344626266,15.7631243416933,,,15.763012671881224,65.85587667922648,65.8553174692223,15.763126646741906,3312025581763840512,65.8553174692223,15.763126646741906
19316.0,674-79-1,3304337452864501120,0.2773,0.9642,37.512,1.038,5.0,21.458000000000002,0.16399999999999998,62.1111140480638,12.1918462564674,,,12.19180069547861,62.11162313814102,62.11109744286949,12.191847479646187,3304337452864501120,62.11109744286949,12.191847479646187
20850.0,680-423-1,3307844860597241088,0.1485,0.9854,40.173,1.003,5.0,20.872,0.162,67.01847336752,13.8679392159841,,,13.867859574802925,67.0189119169972,67.0184579970285,13.867941342359865,3307844860597241088,67.0184579970285,13.867941342359865
22203.0,1267-1102-1,3309006597711379328,0.5412,0.9097,41.815,1.226,5.0,20.988000000000003,0.185,71.6266101083283,15.4720413450286,71.6266101083283,15.4720413450286,15.471938667613827,71.62698443129749,71.62659704805634,15.472050528962155,3309006597711379328,71.62659704805634,15.472050528962155
20284.0,680-27-1,3310615561179780736,0.6687,0.8805,39.2,1.044,5.0,20.35,0.185,65.2196680317327,13.8644272665623,,,13.864374411314714,65.2201271123689,65.21965676647444,13.864437289221735,3310615561179780736,65.21965676647444,13.864437289221735
20527.0,680-889-1,3310820620098473728,0.3548,0.9494,39.731,1.033,5.0,23.018,0.16899999999999998,65.9767187733762,14.0521043360988,,,14.052024950181032,65.97721529203606,65.97670224557979,14.052106476733053,3310820620098473728,65.97670224557979,14.052106476733053
20815.0,1265-1048-1,3312709374919349248,0.02,0.9993,39.14,1.028,5.0,21.285,0.19399999999999998,66.899547444572,15.5891923902785,66.899547444572,15.5891923902785,15.589092293402937,66.90000160908953,66.89953136776204,15.58919476758585,3312709374919349248,66.89953136776204,15.58919476758585
18658.0,662-633-1,3302220274506270336,5.9628,0.1134,39.1,1.1,5.0,,,59.9187359563091,10.3303518462933,,,10.330378334768653,59.919329773813466,59.91872012172696,10.330399277021757,3302220274506270336,59.91872012172696,10.330399277021757
19877.0,1251-128-1,3312136494998639872,0.6919,0.8751,36.4,1.2,5.0,21.594,0.205,63.9428517196271,15.4006962198639,,,15.400606633599304,63.94335147397481,63.94283508189675,15.400699265586994,3312136494998639872,63.94283508189675,15.400699265586994
20082.0,1264-498-1,3312281664893305728,0.4306,0.9339,38.804,1.003,5.0,22.345,0.156,64.5802980168333,16.0883313214647,,,16.088234273642602,64.58081422257624,64.58028160776614,16.088335111527527,3312281664893305728,64.58028160776614,16.088335111527527
20441.0,1264-758-1,3313845101709242368,6.3744,0.0947,35.2,2.6,5.0,,,65.686333500575,16.7908773751687,,,16.79081388973247,65.68709848223729,65.686478333235,16.790956224125733,3313845101709242368,65.686478333235,16.790956224125733
20567.0,1269-806-1,3313947699887831808,0.3651,0.9473,40.1,1.166,5.0,19.840999999999998,0.171,66.0928056803697,17.0789554725408,,,17.078843560195775,66.09324048719263,66.09279049600346,17.078958312378273,3313947699887831808,66.09279049600346,17.078958312378273
20400.0,680-995-1,3311000115371733504,0.2694,0.9657,37.8,2.3,5.0,22.201,0.21100000000000002,65.5146589729297,14.0771992283218,,,14.07710940070473,65.51514757218808,65.51464264538896,14.07720145748506,3311000115371733504,65.51464264538896,14.07720145748506
20827.0,680-104-1,3310903736305456512,0.0428,0.9977,39.633,1.002,5.0,20.399,0.16899999999999998,66.9459806263297,14.4177499228323,,,14.417670032319155,66.94641297774022,66.94596618217882,14.417752927131195,3310903736305456512,66.94596618217882,14.417752927131195
28356.0,121-432-1,3315967537107175168,0.2489,0.9693,45.0,2.5,5.0,13.681,0.24100000000000002,89.8746847659257,2.4761592916098,,,2.476200825428954,89.8747537362846,89.87468288593752,2.4761558666719954,3315967537107175168,89.87468288593752,2.4761558666719954
20951.0,1269-697-1,3314213025787054592,0.1036,0.9914,39.944,1.002,5.0,22.076999999999998,0.168,67.3816929954995,17.8931836328543,,,17.893046150933625,67.3821646750955,67.38167767762859,17.893187756553335,3314213025787054592,67.38167767762859,17.893187756553335
21066.0,673-700-1,3305871821341047808,0.6437,0.8864,41.489,1.033,5.0,21.381999999999998,0.19699999999999998,67.7382141613331,10.7517674364505,,,10.751722136536603,67.73865150997344,67.73820019530729,10.751768714250767,3305871821341047808,67.73820019530729,10.751768714250767
20762.0,680-639-1,3307645127438373888,0.1654,0.983,40.325,1.022,5.0,20.951,0.162,66.726426801656,13.1381768159674,,,13.138107845306891,66.7268738921239,66.72641181967214,13.138178896973919,3307645127438373888,66.72641181967214,13.138178896973919
20741.0,1265-241-1,3313689417734366720,0.1069,0.991,39.693000000000005,1.038,5.0,21.93,0.20600000000000002,66.6671730925492,16.7469122726661,,,16.74678117336615,66.66764143949031,66.66715206252515,16.746902091009787,3313689417734366720,66.66715206252515,16.746902091009787
21267.0,681-651-1,3307528029449757056,1.9167,0.5899,36.9,1.345,5.0,21.803,0.20800000000000002,68.4443422244307,13.2518857720052,,,13.251811966615351,68.44478209099302,68.44432731616163,13.251886957745375,3307528029449757056,68.44432731616163,13.251886957745375
21179.0,677-290-1,3307504218151520256,1.0298,0.7941,42.1,1.0,5.0,21.730999999999998,0.16899999999999998,68.106895283683,13.1132326686856,,,13.11315576161937,68.10733969260235,68.10687731709302,13.113235127642081,3307504218151520256,68.10687731709302,13.113235127642081
20978.0,1265-883-1,3312951748510907648,0.2703,0.9655,40.193000000000005,1.002,5.0,22.194000000000003,0.17300000000000001,67.4905338558389,16.67284091007,,,16.67272265178268,67.49099771266026,67.49051770915975,16.67284438146812,3312951748510907648,67.49051770915975,16.67284438146812
20661.0,1265-1171-1,3312783557591565440,0.0268,0.9988,39.1,1.1179999999999999,5.0,21.34,0.212,66.4055036213368,15.9410325750848,66.4055036213368,15.9410325750848,15.940914860495226,66.40595649490527,66.40547790943083,15.941022795552115,3312783557591565440,66.40547790943083,15.941022795552115
20492.0,680-194-1,3311148824319241472,0.6991,0.8734,39.509,1.002,5.0,21.493000000000002,0.163,65.884721542682,14.670478344123,,,14.670403556661467,65.88519257286399,65.88470628038495,14.670480899357313,3311148824319241472,65.88470628038495,14.670480899357313
19781.0,679-597-1,3311514205777562496,0.7579,0.8595,38.592,1.002,5.0,20.043,0.159,63.6068759202123,14.6250332267608,,,14.624975200111805,63.60734023376441,63.606863614317554,14.625045374209758,3311514205777562496,63.606863614317554,14.625045374209758
20357.0,680-994-1,3311024785663873920,0.3328,0.9538,39.864000000000004,1.022,5.0,20.314,0.179,65.3949792056615,14.4097905551583,,,14.409709345955884,65.39542716508377,65.39496383806303,14.409791718525872,3311024785663873920,65.39496383806303,14.409791718525872
20563.0,1269-1212-1,3314079503847287424,0.1519,0.9849,39.080999999999996,1.013,5.0,21.865,0.195,66.0705823014236,18.0029210436162,66.0705823014236,18.0029210436162,18.00279279614519,66.07106830311133,66.07056634721592,18.002924671161093,3314079503847287424,66.07056634721592,18.002924671161093
20899.0,1269-22-1,3314109912215994112,0.3841,0.9435,39.567,1.013,5.0,21.939,0.177,67.2012429872755,17.2854683654201,,,17.28534991317966,67.20171765278496,67.20122752154208,17.285472250274967,3314109912215994112,67.20122752154208,17.285472250274967
19808.0,675-186-1,3310500078099136768,2.6535,0.4482,39.607,1.011,5.0,,,63.7164019714425,13.0549563178911,,,13.054861916776494,63.71689121261905,63.716376548699294,13.054951394228974,3310500078099136768,63.716376548699294,13.054951394228974
24923.0,707-1553-1,3387381641964995712,0.0644,0.9957,44.1,1.026,5.0,18.117,0.21600000000000003,80.1059301178186,11.6098191340185,,,11.609760837563261,80.10615248977018,80.10592308311564,11.60981939613689,3387381641964995712,80.10592308311564,11.60981939613689
23069.0,696-390-1,3392446817156214784,0.2625,0.9669,42.935,1.013,5.0,18.352,0.179,74.4562730220707,14.0021893026264,,,14.002114353109409,74.45657292794874,74.45626328228492,14.00219204773848,3392446817156214784,74.45626328228492,14.00219204773848
23498.0,697-1892-1,3391712034151625984,0.1951,0.9784,42.746,1.018,5.0,18.628,0.195,75.7819076012575,13.7306700189723,,,13.730595051409297,75.78219163774249,75.78189798791567,13.730672696181312,3391712034151625984,75.78189798791567,13.730672696181312
22654.0,1288-32-1,3406943087694799744,0.2011,0.9774,41.994,1.031,5.0,19.84,0.16399999999999998,73.0980479746543,18.9969073511122,,,18.996760694614665,73.09839671164839,73.09803588962966,18.996912298446286,3406943087694799744,73.09803588962966,18.996912298446286
22524.0,1280-1207-1,3405220084257276416,0.4625,0.9271,42.648999999999994,1.014,5.0,20.275,0.201,72.7022643564429,16.210450846789,72.7022643564429,16.210450846789,16.210341606091454,72.70262587134033,72.70225329179127,16.210454623110632,3405220084257276416,72.70225329179127,16.210454623110632
22422.0,1280-485-1,3405113740864365440,0.2536,0.9685,41.672,1.01,5.0,20.94,0.177,72.3838540267228,15.888742908815,,,15.888636792820506,72.38422977011992,72.38384146993157,15.888746584193866,3405113740864365440,72.38384146993157,15.888746584193866
22566.0,1280-1110-1,3404850785786832512,0.7098,0.8709,42.464,1.018,5.0,16.282,0.166,72.846728828301,15.4334651390538,72.846728828301,15.4334651390538,15.43338894667334,72.84701344538924,72.84671944900353,15.433467290168526,3404850785786832512,72.84671944900353,15.433467290168526
22850.0,1288-1591-1,3408463506117452544,1.1041,0.7761,38.4,2.0,5.0,15.995,0.17600000000000002,73.7431712761812,19.4853876434593,73.7431712761812,19.4853876434593,19.48526627516963,73.74345074791749,73.7431637651363,19.485390777994798,3408463506117452544,73.7431637651363,19.485390777994798
21261.0,1274-1346-1,3410453484725565312,0.4132,0.9375,40.525,1.011,5.0,21.105,0.166,68.424695720344,19.0140341861766,68.424695720344,19.0140341861766,19.013893419758155,68.4251378731519,68.42468199030911,19.01403879845647,3410453484725565312,68.42468199030911,19.01403879845647
22505.0,1280-662-1,3404812680839290368,0.4107,0.938,41.966,1.053,5.0,21.581,0.23,72.6409200523762,15.0834334242889,,,15.083349541982964,72.64128676355408,72.64089001073577,15.083450123376016,3404812680839290368,72.64089001073577,15.083450123376016
22380.0,1284-1397-1,3406823240927024256,0.7062,0.8717,40.859,1.011,5.0,21.82,0.185,72.2646737665302,18.641247261652,72.2646737665302,18.641247261652,18.641084428174555,72.2650661913534,72.26467079910283,18.64124974773506,3406823240927024256,72.26467079910283,18.64124974773506
24116.0,1290-502-1,3414082525931242368,2.23,0.5261,45.3,1.2,5.0,12.479000000000001,0.165,77.6980507811593,20.5691774181518,,,20.569066381799196,77.69823702784885,77.69804833821576,20.569178150523072,3414082525931242368,77.69804833821576,20.569178150523072
23750.0,1286-2135-1,3407121827053483776,0.0938,0.9926,42.71,1.016,5.0,18.74,0.192,76.574955032117,17.8164165043288,76.574955032117,17.8164165043288,17.81628625279694,76.57523723416428,76.57494551733775,17.816420508844615,3407121827053483776,76.57494551733775,17.816420508844615
24019.0,1853-1958-1,3422091368627963008,6.9387,0.0739,45.3,1.127,5.0,,,77.4378896030391,28.0304696500675,77.4378896030391,28.0304696500675,28.030227375096043,77.43816573211215,77.4378817487454,28.030475955967322,3422091368627963008,77.4378817487454,28.030475955967322
22253.0,1831-1894-1,3413146910255989248,0.8079999999999999,0.8476,40.876999999999995,1.026,5.0,18.498,0.16899999999999998,71.8591169730567,23.0509226755112,71.8591169730567,23.0509226755112,23.0507504757614,71.85947427839952,71.8591049405532,23.050928058112373,3413146910255989248,71.8591049405532,23.050928058112373
19554.0,80-1093-1,,0.7935,0.851,36.6,1.2,5.0,26.654,0.248,62.8345097165454,5.5230520933949,,,,,62.8345097165454,5.5230520933949,19554.0,,
23701.0,110-1206-1,,0.46,0.9276,42.06,1.013,5.0,19.99,0.935,76.4182504405885,6.4652012739314,,,,,76.4182504405885,6.4652012739314,23701.0,,
20751.0,672-425-1,,1.7428,0.6275,40.296,1.02,5.0,23.173000000000002,0.41,66.7011134229419,10.8710947577362,,,,,66.7011134229419,10.8710947577362,20751.0,,
20745.0,676-389-1,,2.3247,0.5078,40.484,1.016,5.0,25.107,0.675,66.67842853,12.68657875,,,,,66.67842853,12.68657875,20745.0,,
20419.0,676-680-1,,1.4302,0.6985,39.915,1.02,5.0,21.725,0.48700000000000004,65.6070148925083,11.3057237178506,,,,,65.6070148925083,11.3057237178506,20419.0,,
20901.0,677-1116-1,,0.6249,0.8907,39.9,4.1,5.0,21.115,0.183,67.2090158449306,13.0476042787042,,,,,67.2090158449306,13.0476042787042,20901.0,,
20219.0,679-750-1,,1.2621,0.7381,42.0,2.5,5.0,21.947,0.195,64.9904356455334,14.0352054116751,,,,,64.9904356455334,14.0352054116751,20219.0,,
21273.0,681-1151-1,,1.9616,0.5804,37.7,1.345,5.0,,,68.46215639,14.8444231189,,,,,68.46215639,14.8444231189,21273.0,,
20873.0,681-1152-1,,4.4515,0.2167,41.0,1.044,5.0,21.862,0.37799999999999995,67.0975235492284,14.740943338288,,,,,67.0975235492284,14.740943338288,20873.0,,
21036.0,681-1153-1,,0.2458,0.9699,38.8,1.2,5.0,22.19,0.209,67.6556774736377,13.7244027891201,,,,,67.6556774736377,13.7244027891201,21036.0,,
21670.0,682-1726-1,,4.0693,0.2541,36.3,1.2,5.0,,,69.7756628160354,7.8709884069673,,,,,69.7756628160354,7.8709884069673,21670.0,,
22221.0,683-688-1,,12.8023,0.0051,42.419,1.006,5.0,,,71.6899501290583,9.0173481221779,,,,,71.6899501290583,9.0173481221779,22221.0,,
22044.0,687-1627-1,,0.9268,0.8190000000000001,39.6,1.1179999999999999,5.0,,,71.1076189780934,11.1461382478033,,,,,71.1076189780934,11.1461382478033,22044.0,,
22550.0,688-43-1,,0.7089,0.8711,42.846000000000004,1.014,5.0,21.397,0.392,72.8022019149742,11.0680226645937,,,,,72.8022019149742,11.0680226645937,22550.0,,
21589.0,690-1547-1,,0.968,0.809,44.7,5.0,5.0,22.25,0.265,69.5394235687195,12.5108310618623,,,,,69.5394235687195,12.5108310618623,21589.0,,
22157.0,691-1509-1,,2.3554,0.502,43.0,1.0,5.0,,,71.5072498681939,11.7055891010617,,,,,71.5072498681939,11.7055891010617,22157.0,,
21654.0,694-225-1,,0.4231,0.9354,41.378,1.0070000000000001,5.0,22.77,0.319,69.7388663641579,14.1055600050553,,,,,69.7388663641579,14.1055600050553,21654.0,,
22607.0,696-1789-1,,3.589,0.3094,41.004,1.028,5.0,,,72.95828225,13.65515233,,,,,72.95828225,13.65515233,22607.0,,
23983.0,702-2789-1,,0.6455,0.8859,44.56,1.01,5.0,19.014,0.23600000000000002,77.3318567747076,9.8295823527185,,,,,77.3318567747076,9.8295823527185,23983.0,,
12709.0,1226-710-1,,12.3537,0.0063,31.566999999999997,1.011,5.0,,,40.8370214710416,19.429175713919,,,,,40.8370214710416,19.429175713919,12709.0,,
13834.0,1230-1425-1,,0.08199999999999999,0.9939,28.1,1.2,5.0,30.342,0.172,44.5217554919028,20.6687325843237,44.5217554919028,20.6687325843237,,,44.5217554919028,20.6687325843237,13834.0,,
18170.0,1253-716-1,,0.6834,0.8771,35.0,2.5,5.0,23.725,0.185,58.2918587167061,17.3270860353731,,,,,58.2918587167061,17.3270860353731,18170.0,,
19098.0,1254-178-1,,3.6762,0.2986,36.802,1.001,5.0,21.94,0.305,61.4153125394604,17.9377117150777,,,,,61.4153125394604,17.9377117150777,19098.0,,
18735.0,1254-866-1,,4.743,0.1916,31.7,1.1,5.0,,,60.2031912442454,18.1940000757299,,,,,60.2031912442454,18.1940000757299,18735.0,,
20215.0,1264-348-1,,4.0467,0.2565,39.544000000000004,1.036,5.0,,,64.97857166,16.5225912,,,,,64.97857166,16.5225912,20215.0,,
20440.0,1264-755-1,,0.826,0.8432,37.4,2.9,5.0,21.893,0.295,65.68404721,15.05608939,,,,,65.68404721,15.05608939,20440.0,,
20484.0,1264-1008-1,,0.5202,0.9144,37.7,1.044,5.0,20.616999999999997,0.22399999999999998,65.854433205166,16.7772663648766,65.854433205166,16.7772663648766,,,65.854433205166,16.7772663648766,20484.0,,
20205.0,1264-1009-1,,1.4758,0.6879,38.78,1.006,5.0,,,64.9483493712,15.6276431728,64.9483493712,,,,64.9483493712,15.6276431728,20205.0,,
20261.0,1264-1010-1,,1.2406,0.7433,36.2,1.2,5.0,21.037,0.19899999999999998,65.1512905182878,15.0954533857217,65.1512905182878,15.0954533857217,,,65.1512905182878,15.0954533857217,20261.0,,
20719.0,1265-59-1,,7.0939,0.069,38.876,1.047,5.0,,,66.6025614432764,16.853359397701,,,,,66.6025614432764,16.853359397701,20719.0,,
20916.0,1265-791-1,,5.8972,0.1167,45.0,2.5,5.0,,,67.24904735,16.15909671,,,,,67.24904735,16.15909671,20916.0,,
21029.0,1265-1169-1,,1.4353,0.6973,41.0,1.8,5.0,,,67.6401377199535,16.1940172534494,67.6401377199535,16.1940172534494,,,67.6401377199535,16.1940172534494,21029.0,,
20885.0,1265-1170-1,,7.3964,0.0603,39.67,1.003,5.0,,,67.1437334754,15.9621803978,67.1437334754,,,,67.1437334754,15.9621803978,20885.0,,
20894.0,1265-1172-1,,0.0792,0.9942,38.9,1.02,5.0,22.079,0.23800000000000002,67.1656022796287,15.870867390805,67.1656022796287,15.870867390805,,,67.1656022796287,15.870867390805,20894.0,,
21137.0,1265-1173-1,,3.0857,0.3786,36.0,2.5,5.0,,,67.9656639283109,15.8516211001513,67.9656639283109,15.8516211001513,,,67.9656639283109,15.8516211001513,21137.0,,
21039.0,1265-1174-1,,0.3531,0.9498,39.96,1.026,5.0,21.706,0.244,67.6620382553829,15.6918784948651,67.6620382553829,15.6918784948651,,,67.6620382553829,15.6918784948651,21039.0,,
20995.0,1265-1175-1,,3.7849,0.2856,29.3,5.0,5.0,22.111,0.278,67.53582394,15.63783872,67.535829,,,,67.53582647,15.63783872,20995.0,,
20713.0,1265-1176-1,,5.0107,0.171,40.8,4.26,5.0,,,66.5865542458033,15.6182745907241,66.5865542458033,15.6182745907241,,,66.5865542458033,15.6182745907241,20713.0,,
21543.0,1266-112-1,,1.6757,0.6424,41.74100000000001,1.053,5.0,20.430999999999997,0.387,69.3832422209078,15.1464809540888,,,,,69.3832422209078,15.1464809540888,21543.0,,
21280.0,1266-398-1,,6.8029,0.0785,37.6,1.2,5.0,,,68.4938926540659,15.1636897484907,,,,,68.4938926540659,15.1636897484907,21280.0,,
21588.0,1266-1417-1,,8.5689,0.0356,38.4,1.2,5.0,,,69.5393713486857,16.0332530873214,69.5393713486857,16.0332530873214,,,69.5393713486857,16.0332530873214,21588.0,,
21683.0,1266-1418-1,,5.375,0.1463,35.6,2.5,5.0,,,69.8187596042,15.9179730419,69.8187596042,,,,69.8187596042,15.9179730419,21683.0,,
21762.0,1267-210-1,,2.036,0.565,40.074,1.014,5.0,20.325,0.564,70.1059614598351,16.5137215386496,,,,,70.1059614598351,16.5137215386496,21762.0,,
20086.0,1268-707-1,,7.5096,0.0573,39.659,1.001,5.0,,,64.5916603262935,17.4216584045594,,,,,64.5916603262935,17.4216584045594,20086.0,,
20455.0,1268-1267-1,,0.0904,0.993,39.15,1.003,5.0,20.919,0.249,65.7337543173897,17.5425155464277,65.7337543173897,17.5425155464277,,,65.7337543173897,17.5425155464277,20455.0,,
20935.0,1269-294-1,,1.1024,0.7765,40.049,1.006,5.0,21.918000000000003,0.244,67.3356622776374,17.5449541193898,,,,,67.3356622776374,17.5449541193898,20935.0,,
20679.0,1269-829-1,,0.7881,0.8523,37.0,7.5,5.0,22.605,0.40700000000000003,66.4482761374247,18.0171931958702,,,,,66.4482761374247,18.0171931958702,20679.0,,
21123.0,1269-1027-1,,0.5922,0.8982,39.548,1.006,5.0,22.02,0.342,67.9046290549699,17.7096992905437,67.9046290549699,17.7096992905437,,,67.9046290549699,17.7096992905437,21123.0,,
20542.0,1269-1244-1,,2.4608,0.4824,39.2,1.2,5.0,,,66.0240051212644,17.4441325328018,66.0240051212644,17.4441325328018,,,66.0240051212644,17.4441325328018,20542.0,,
20648.0,1269-1246-1,,0.6143,0.8932,38.7,1.3,5.0,21.813000000000002,0.235,66.37243082,17.92790497,66.3724252166783,17.9279056483558,,,66.37242801833915,17.927905309177902,20648.0,,
22265.0,1271-1229-1,,1.675,0.6425,39.8,1.077,5.0,20.031,0.314,71.9065617835228,18.2587480773873,71.9065617835228,18.2587480773873,,,71.9065617835228,18.2587480773873,22265.0,,
22224.0,1271-1301-1,,1.3522,0.7168,39.481,1.004,5.0,22.814,0.43700000000000006,71.706077886857,17.7483338894863,71.706077886857,17.7483338894863,,,71.706077886857,17.7483338894863,22224.0,,
20237.0,1272-439-1,,0.7457,0.8624,38.596,1.016,5.0,22.289,0.24,65.0540278696257,19.2334786457434,,,,,65.0540278696257,19.2334786457434,20237.0,,
20482.0,1272-912-1,,2.3618,0.5008,39.083,1.004,5.0,19.49,0.313,65.845171705892,19.6587653440727,,,,,65.845171705892,19.6587653440727,20482.0,,
20686.0,1273-138-1,,0.6915,0.8752,40.194,1.105,5.0,22.059,0.282,66.46552982,18.86405986,,,,,66.46552982,18.86405986,20686.0,,
20889.0,1273-1104-1,,0.3019,0.9597,38.87,1.002,5.0,22.035,0.17600000000000002,67.1541617392,19.1804290564,67.1541617392,,,,67.1541617392,19.1804290564,20889.0,,
20087.0,1276-1622-1,,0.2412,0.9707,37.78,1.0070000000000001,5.0,18.099,0.17600000000000002,64.5967033778292,21.579222837617,64.5967033778292,21.579222837617,,,64.5967033778292,21.579222837617,20087.0,,
20635.0,1277-1626-1,,0.1685,0.9825,38.6,1.2,5.0,21.136999999999997,0.153,66.3423543858,22.2938715375,66.3423543858,,,,66.3423543858,22.2938715375,20635.0,,
20641.0,1277-1627-1,,4.1647,0.2442,32.0,2.5,5.0,22.345,0.198,66.3542366991092,22.2000016232817,66.3542366991092,22.2000016232817,,,66.3542366991092,22.2000016232817,20641.0,,
20842.0,1277-1628-1,,0.9408,0.8156,37.5,3.3,5.0,20.313,0.198,67.0032638868763,21.6199034769511,67.0032638868763,21.6199034769511,,,67.0032638868763,21.6199034769511,20842.0,,
23214.0,1281-792-1,,0.9314,0.8178,42.9,1.5,5.0,23.61,0.255,74.9346732731015,15.9167329209552,,,,,74.9346732731015,15.9167329209552,23214.0,,
22496.0,1284-332-1,,3.2397,0.3561,41.8,1.013,5.0,23.299,0.435,72.5997026728587,17.2026408475395,,,,,72.5997026728587,17.2026408475395,22496.0,,
22565.0,1288-1706-1,,3.4186,0.3315,36.8,1.2,5.0,19.506,0.254,72.8435533081806,18.8399047757989,72.8435533081806,18.8399047757989,,,72.8435533081806,18.8399047757989,22565.0,,
22350.0,1292-770-1,,8.692,0.0337,41.066,1.093,5.0,,,72.175530761002,21.1010451539524,,,,,72.175530761002,21.1010451539524,22350.0,,
23497.0,1293-2747-1,,1.8707,0.5997,38.0,1.7,5.0,18.942999999999998,0.195,75.7739398445388,21.5899626864141,75.7739398445388,21.5899626864141,,,75.7739398445388,21.5899626864141,23497.0,,
26382.0,1302-362-1,,2.237,0.5247,41.1,1.2,5.0,20.133,0.273,84.2655645409041,17.0403283448478,,,,,84.2655645409041,17.0403283448478,26382.0,,
26159.0,1309-1314-1,,7.8066,0.0502,42.085,1.0,11.0,6.406000000000001,0.273,83.6524746619765,21.6222648513256,83.6524746619765,21.6222648513256,,,83.6524746619765,21.6222648513256,26159.0,,
19591.0,1815-309-1,,0.4728,0.9248,36.084,1.033,5.0,25.378,0.35100000000000003,62.98425728,23.63632266,,,,,62.98425728,23.63632266,19591.0,,
20711.0,1816-1893-1,,1.43,0.6985,35.6,1.166,5.0,21.572,0.16699999999999998,66.5769319833,22.8135801383,66.5769319833,,,,66.5769319833,22.8135801383,20711.0,,
20491.0,1820-1157-1,,1.3778,0.7108,35.9,1.1179999999999999,5.0,18.654,0.205,65.8766681687652,24.4054091337614,65.8766681687652,24.4054091337614,,,65.8766681687652,24.4054091337614,20491.0,,
19365.0,1826-1301-1,,2.7018,0.4399,37.324,1.011,5.0,14.627,0.175,62.2264480341329,29.1906133427081,62.2264480341329,29.1906133427081,,,62.2264480341329,29.1906133427081,19365.0,,
21459.0,1830-2128-1,,6.1216,0.1058,43.3,1.2,5.0,,,69.1214503682692,23.34084206656,69.1214503682692,23.34084206656,,,69.1214503682692,23.34084206656,21459.0,,
13117.0,,,5.8449,0.1194,27.0,1.114,5.0,,,42.18125173,0.0345132,,,,,42.18125173,0.0345132,13117.0,,
20605.0,,,1.7653,0.6225,40.6,1.063,5.0,20.579,0.9359999999999999,66.2001439211775,15.8747293979422,,,,,66.2001439211775,15.8747293979422,20605.0,,
24020.0,,,3.5149,0.3188,44.31,1.018,5.0,17.992,0.588,77.43947032,28.03362242,,,,,77.43947032,28.03362242,24020.0,,
,632-608-1,23311811172415488,3.2555,0.1964,,,,11.675999999999998,0.134,,,,,9.589122057288211,38.144499774536726,38.1440390541536,9.589113521233662,23311811172415488,38.1440390541536,9.589113521233662
,635-90-1,26259120810103552,6.9465,0.031,,,,,,,,,,12.003499488544978,37.2383491828906,37.23796947474071,12.003516128341166,26259120810103552,37.23796947474071,12.003516128341166
,644-477-1,21390998718385664,0.8154,0.6652,,,,11.005,0.09300000000000001,,,,,10.702659192935487,43.560670873643566,43.560287694121065,10.70266358466781,21390998718385664,43.560287694121065,10.70266358466781
,1272-67-1,48986953869664000,1.0899,0.5799,,,,10.121,0.12,,,,,19.724500099523407,64.81983589947065,64.81959773788364,19.72457019734138,48986953869664000,64.81959773788364,19.72457019734138
,665-1048-1,38453460676522752,8.2327,0.0163,,,,,,,,,,13.104996144997557,59.649598484696085,59.649240421556435,13.105024786993955,38453460676522752,59.649240421556435,13.105024786993955
,1272-945-1,49155660184551680,1.9633,0.3747,,,,10.697000000000001,0.11699999999999999,,,,,20.58424461073764,65.84097297402303,65.84073513809139,20.584325552719218,49155660184551680,65.84073513809139,20.584325552719218
,1814-794-1,53942246617146240,0.2339,0.8896,,,,21.273000000000003,0.185,,,,,23.768430894689004,62.151422400499825,62.150858800127665,23.768617897680954,53942246617146240,62.150858800127665,23.768617897680954
,1821-255-1,67270457850822912,3.6254,0.1632,,,,,,,,,,26.475835652269122,59.79120617143106,59.79053263870225,26.476107584555148,67270457850822912,59.79053263870225,26.476107584555148
,1218-269-1,79881650062116352,7.6179,0.0222,,,,,,,,,,17.634448589345446,35.057116207169145,35.05650797757852,17.634501738603486,79881650062116352,35.05650797757852,17.634501738603486
,1240-134-1,59364144612120064,2.5644,0.2774,,,,,,,,,,19.720476503206736,49.87139464501753,49.87097093016353,19.72054219967274,59364144612120064,49.87097093016353,19.72054219967274
,1240-572-1,59404001908663552,0.9279999999999999,0.6287,,,,10.921,0.081,,,,,19.1812128938786,48.80040753337803,48.80005067299621,19.181256698493733,59404001908663552,48.80005067299621,19.181256698493733
,1811-2014-1,71487325460694912,0.1031,0.9497,,,,17.79,0.42100000000000004,,,54.7829749674628,28.3822585472643,28.382080144327855,54.78355208526001,54.782976496695184,28.38226009734825,71487325460694912,54.782976496695184,28.38226009734825
,1215-1096-1,76117300205326976,7.7234,0.021,,,,,,,,36.6401038129748,15.3734173386564,15.37348191104737,36.64090192147954,36.64016737577796,15.373459069589751,76117300205326976,36.64016737577796,15.373459069589751
,1215-357-1,82603594175480320,10.0332,0.0066,,,,,,,,,,17.366079469113277,37.09567306504437,37.095248506569355,17.36612423229188,82603594175480320,37.095248506569355,17.36612423229188
,2341-1205-1,124145479935111424,9.8857,0.0071,,,,,,,,50.0418554171913,31.0854528145537,31.085256741497243,50.042413624285594,50.041846873930254,31.08545779931821,124145479935111424,50.041846873930254,31.08545779931821
,1785-843-1,114317976286533888,10.2916,0.0058,,,,,,,,,,25.15119330781431,42.63181326895403,42.631290218347466,25.151298056811896,114317976286533888,42.631290218347466,25.151298056811896
,1834-179-1,148183862135533952,0.2698,0.8738,,,,22.836,0.253,,,,,25.592136175892247,70.03890616803506,70.03841767018415,25.592408211012216,148183862135533952,70.03841767018415,25.592408211012216
,1277-136-1,144534720481849856,0.1917,0.9086,,,,23.25,0.146,,,,,21.23472917969993,66.69893466374359,66.69840862562651,21.234926311151213,144534720481849856,66.69840862562651,21.234926311151213
,1786-572-1,114842099735769856,11.1859,0.0037,,,,,,,,,,24.66677204705216,44.98770664562842,44.987261144578525,24.66681873123379,114842099735769856,44.987261144578525,24.66681873123379
,1815-1949-1,148946064212226944,0.6723,0.7145,,,,18.3,0.16699999999999998,,,64.5449649712608,23.2846564598538,23.284495382186602,64.54539100503337,64.5449523844191,23.284662461467022,148946064212226944,64.5449523844191,23.284662461467022
,2361-1603-1,170457596891797760,0.4408,0.8022,,,,22.335,0.163,,,60.2812437914935,33.196128250744,33.1958113575575,60.28188234326814,60.28120306362691,33.196130792802144,170457596891797760,60.28120306362691,33.196130792802144
,2378-1207-1,173447237727870080,3.2695,0.195,,,,,,,,70.3342186469178,33.5226478041689,33.52242959949895,70.33456076869105,70.33420736417371,33.52265609964014,173447237727870080,70.33420736417371,33.52265609964014
,4767-1278-1,3216618964956221184,2.7672,0.2507,,,,,,,,86.1463037475498,-1.6628263633926,-1.6627517797484783,86.14636579079492,86.1463027121577,-1.6628294990860393,3216618964956221184,86.1463027121577,-1.6628294990860393
,4754-346-1,3226859610099438592,9.5252,0.0085,,,,,,,,,,-1.8917582837562459,76.04907103936632,76.04885209250065,-1.8918067680017203,3226859610099438592,76.04885209250065,-1.8918067680017203
,118-854-1,3223884400355529984,0.1743,0.9165,,,,15.619000000000002,0.23199999999999998,,,,,2.648444737315009,83.12713723168596,83.12697786956542,2.64839254995614,3223884400355529984,83.12697786956542,2.64839254995614
,111-1438-1,3240642984786774528,1.2137,0.5451,,,,14.743,0.213,,,,,5.716093482630128,77.9813485787881,77.9811507415821,5.716063711898554,3240642984786774528,77.9811507415821,5.716063711898554
,93-579-1,3239532512402275584,11.0089,0.0041,,,,,,,,,,4.586112650256149,74.21466824412227,74.2144234586254,4.586129859460943,3239532512402275584,74.2144234586254,4.586129859460943
,1265-1118-1,3311179335766914944,0.3567,0.8366,,,,20.709,0.19,,,66.5196101053403,15.0413855525893,15.041291343110357,66.52004760905564,66.51959495339247,15.041388722432051,3311179335766914944,66.51959495339247,15.041388722432051
,689-1248-1,3291625517899980032,2.1663,0.3385,,,,11.704,0.188,,,,,10.263205706386055,76.20699589133723,76.20683496550696,10.263217984408996,3291625517899980032,76.20683496550696,10.263217984408996
,78-257-1,3283285790922135424,0.0043,0.9978,,,,26.854,0.19,,,,,3.2688480955026056,65.26771335914775,65.26711296664254,3.2687725876831286,3283285790922135424,65.26711296664254,3.2687725876831286
,80-1019-1,3284709349242833792,6.3994,0.0408,,,,,,,,,,5.180639021434347,63.610551993488635,63.61016554886886,5.180568069208825,3284709349242833792,63.61016554886886,5.180568069208825
,91-1330-1,3282171745125201792,0.0161,0.992,,,,20.971999999999998,0.19399999999999998,,,,,4.669806758828722,69.49307460471893,69.49265959426023,4.669770900447621,3282171745125201792,69.49265959426023,4.669770900447621
,673-130-1,3306066434899058560,8.5347,0.013999999999999999,,,,,,,,,,10.939207009649229,67.51392307171365,67.51363118846346,10.939267013023533,3306066434899058560,67.51363118846346,10.939267013023533
,142-1245-1,3321943966921179648,0.7774,0.6779,,,,14.2,0.389,,,,,6.86167379926626,90.2622699309479,90.26221104616761,6.86166761193456,3321943966921179648,90.26221104616761,6.86166761193456
,701-171-1,3334853607820749184,8.517000000000001,0.0141,,,,,,,,,,8.945216752986335,84.03544335995052,84.03536163966349,8.945205369261176,3334853607820749184,84.03536163966349,8.945205369261176
,700-935-1,3337480684695467648,0.1246,0.9396,,,,13.027000000000001,0.212,,,,,8.2011173106143,80.72705636426078,80.72689931915754,8.201124150663691,3337480684695467648,80.72689931915754,8.201124150663691
,723-773-1,3340209775636513408,6.9801,0.0305,,,,,,,,,,12.09272965423982,86.25848986249278,86.25844134118748,12.092762299399853,3340209775636513408,86.25844134118748,12.092762299399853
,706-291-1,3388382060107608832,1.9449,0.3782,,,,,,,,,,12.964093466002504,77.2629837183272,77.26266121882071,12.964193606168092,3388382060107608832,77.26266121882071,12.964193606168092
,1297-1232-1,3396115646939927552,0.2387,0.8875,,,,13.072000000000001,0.247,,,83.7344633567741,16.021517186455,16.021439948065133,83.73459649773127,83.73443963085299,16.02153425178589,3396115646939927552,83.73443963085299,16.02153425178589
,1307-639-1,3399771248225858944,8.9274,0.0115,,,,,,,,,,20.407989608805316,87.34860418382412,87.34854226579836,20.40806225308429,3399771248225858944,87.34854226579836,20.40806225308429
,1306-153-1,3402663135604113920,11.3295,0.0035,,,,,,,,,,20.60486096521376,85.25599275288526,85.25593593390198,20.60498042377061,3402663135604113920,85.25593593390198,20.60498042377061
,1309-390-1,3402090461845409792,6.6244,0.0364,,,,,,,,,,20.64675243662075,82.55382594013157,82.55370748325616,20.6468422413148,3402090461845409792,82.55370748325616,20.6468422413148
,1286-461-1,3407612484118068352,1.2405,0.5378,,,,14.852,0.301,,,,,18.692621867941316,76.89727041531712,76.89705025178185,18.692728041903173,3407612484118068352,76.89705025178185,18.692728041903173
,1289-1656-1,3407518510233429248,0.198,0.9057,,,,18.468,0.309,,,75.779561638731,19.0179789392665,19.017836209713035,75.779857535228,75.77956251482678,19.01797823580649,3407518510233429248,75.77956251482678,19.01797823580649
,1279-2259-1,3412605297699792512,0.2826,0.8682,,,,23.680999999999997,0.212,,,71.7872241405696,20.8823128383006,20.882104190462,71.7876631388275,71.78720960443911,20.88231961081705,3412605297699792512,71.78720960443911,20.88231961081705
,1831-63-1,3413223223234482048,4.2138,0.1216,,,,,,,,,,22.64708243647043,73.198510380436,73.19816969406537,22.64730639811352,3413223223234482048,73.19816969406537,22.64730639811352
,1286-2091-1,3407092655635564544,0.3046,0.8587,,,,12.407,0.204,,,76.0862560892103,17.9008979840774,17.900814354898312,76.08645215281663,76.08625383550735,17.90089844035163,3407092655635564544,76.08625383550735,17.90089844035163
,2405-952-1,3444787247130393600,6.0597,0.0483,,,,,,,,,,30.807052128998727,86.63361924663998,86.63356323933809,30.807210464047646,3444787247130393600,86.63356323933809,30.807210464047646
15624.0,57-78-1,,1.8677,0.39299999999999996,,,,9.647,0.153,50.3018220246734,0.5475524396245,,,,,50.3018220246734,0.5475524396245,15624.0,,
22802.0,1840-328-1,,3.1865,0.2033,,,,15.429,0.45799999999999996,73.5750677913629,26.807663899072,,,,,73.5750677913629,26.807663899072,22802.0,,
21092.0,,,1.5757,0.4548,,,,33.196,1.6,67.79808458,1.95788428,,,,,67.79808458,1.95788428,21092.0,,
