RAJ2000_Curtis,DEJ2000_Curtis,2MASS_id_Curtis,PMem_Curtis,RAJ2000_Olivares,DEJ2000_Olivares,PMem_Olivares,EPIC_Olivares,dist_Curtis_Olivares,RAJ2000_Curtis_Olivares,DEJ2000_Curtis_Olivares,gaia_id_GaiaC,RAJ2000_GaiaC,DEJ2000_GaiaC,PMem_GaiaC,dist_Curtis_Olivares_GaiaC,RAJ2000_Curtis_Olivares_GaiaC,DEJ2000_Curtis_Olivares_GaiaC,RAJ2000_CG,DEJ2000_CG,gaia_id_CG,PMem_CG,dist_Curtis_Olivares_GaiaC_CG,RAJ2000_Curtis_Olivares_GaiaC_CG,DEJ2000_Curtis_Olivares_GaiaC_CG
288.8588333,-16.099194400000002,191526121605571.0,0.9,,,,,,288.8588333,-16.099194400000002,,,,,,288.8588333,-16.099194400000002,,,,,,288.8588333,-16.099194400000002
289.3493333,-16.0734167,191723841604243.0,0.9,289.349343101,-16.0734300125,0.44494191078934403,219697419.0,0.05870524668317766,289.34933820050003,-16.07342335625,4.183949198935967e+18,289.34934,-16.073539999999998,0.9,0.41996363747972854,289.349338650375,-16.073452517187498,289.3493406942,-16.07354390629,4.183949198935967e+18,1.0,0.32907672787215575,289.34933899101253,-16.07346774870458
289.08191669999997,-16.569277800000002,191619661634094.0,0.9,289.081905752,-16.569294336800002,0.5592533351626011,219511589.0,0.07050643892157414,289.081911226,-16.569286068400004,4.087842738668571e+18,289.0819,-16.56941,0.9,0.4478321243027691,289.0819084195,-16.569317051300004,289.08190109796004,-16.56940881145,4.087842738668571e+18,1.0,0.33130114917129605,289.08190719924335,-16.56933234465834
289.2970833,-16.052277800000002,191711301603082.0,0.9,289.297131619,-16.0522854997,0.203211637617126,219704882.0,0.16944865914212878,289.2971074595,-16.052281649850002,4.184137077986034e+18,289.29713,-16.0524,0.9,0.4331382665762941,289.297113094625,-16.0523112373875,289.29712804554003,-16.05240173619,4.184137077986034e+18,1.0,0.32987615071607007,289.29711558644414,-16.05232632052125
289.1697083,-16.278083300000002,191640731616411.0,0.9,,,,,,289.1697083,-16.278083300000002,,,,,,289.1697083,-16.278083300000002,,,,,,289.1697083,-16.278083300000002
289.2642917,-17.0538333,191703431703138.0,0.9,289.264295056,-17.0538226045,0.44746199888517796,219310397.0,0.04019892552287932,289.264293378,-17.05382795225,4.0877620276431734e+18,289.26429,-17.05394,0.9,0.4035394100999362,289.2642925335,-17.0538559641875,289.26428891036,-17.05393680026,4.0877620276431734e+18,1.0,0.2912769037172324,289.2642919296433,-17.05386943686625
289.656125,-17.2159722,191837471712575.0,0.9,289.656119478,-17.215989689,1.5206322321709892e-293,219239754.0,0.06576151006587844,289.65612223899996,-17.2159809445,4.0847571998085356e+18,289.65612000000004,-17.2161,0.9,0.4286689481745932,289.65612167924996,-17.216010708375,289.65611529458,-17.216101535179998,4.0847571998085356e+18,1.0,0.3277127579714702,289.65612061513826,-17.21602584617583
289.5599583,-16.6896111,191814391641226.0,0.9,289.55998540900003,-16.6896241578,0.5738900611068871,219463296.0,0.10463512122445232,289.5599718545,-16.689617628900002,4.183862715472996e+18,289.55998,-16.68974,0.9,0.4414305116283339,289.559973890875,-16.689648221675,289.5599810224,-16.68973880473,4.183862715472996e+18,1.0,0.32702495565010914,289.5599750794625,-16.689663318850833
288.5113333,-15.901527800000002,191402721554055.0,0.9,288.51137953,-15.901594426700001,0.0709359871859175,219757320.0,0.2883573871407787,288.511356415,-15.901561113350002,4.184200643491197e+18,288.51138,-15.901710000000001,0.9,0.5421763699720551,288.51136231125,-15.901598335012503,288.51137977374003,-15.901708143779997,4.184200643491197e+18,0.7,0.39990819338338396,288.511365221665,-15.901616636473753
288.9637083,-16.29975,191551291617591.0,0.9,288.963741269,-16.299738564800002,0.512964071137054,219614490.0,0.12112797983911197,288.9637247845,-16.2997442824,4.184125807991901e+18,288.96374,-16.29985,0.9,0.38419752196946455,288.963728588375,-16.2997707118,288.96373844617995,-16.29985436141,4.184125807991901e+18,1.0,0.30305882790895083,288.9637302313425,-16.299784653401666
289.54075,-16.272833300000002,191809781616222.0,0.9,289.540766954,-16.2728696879,0.47418626843300604,219624547.0,0.1435018032524206,289.540758477,-16.27285149395,4.183930438518525e+18,289.54076000000003,-16.27299,0.9,0.4986495565096094,289.54075885775,-16.272886120462502,289.54076137818,-16.27298601989,4.183930438518525e+18,1.0,0.35974339739970673,289.5407592778217,-16.272902770367086
289.1828333,-16.4399722,191643881626239.0,0.9,,,,,,289.1828333,-16.4399722,,,,,,289.1828333,-16.4399722,,,,,,289.1828333,-16.4399722
288.3135833,-17.1058333,191315261706210.0,0.9,288.313612116,-17.1057993408,0.44481964575947797,219288101.0,0.15740478244009098,288.313597708,-17.105816320400002,4.0877151652745953e+18,288.31361,-17.10592,0.9,0.3756351258847989,288.313600781,-17.105842240300003,288.3136097204,-17.10591589957,4.0877151652745953e+18,1.0,0.266951277404254,288.3136022709,-17.105854516845003
288.45070830000003,-16.8349722,191348171650059.0,0.9,288.450746175,-16.8350528363,0.56171385325146,219403368.0,0.3182775534772622,288.4507272375,-16.835012518150002,4.0878169731762376e+18,288.45074,-16.83517,0.9,0.5686376603128037,288.450730428125,-16.8350518886125,288.45074260802,-16.83516725625,4.0878169731762376e+18,1.0,0.4174385618218047,288.4507324581075,-16.835071116552083
289.1905833,-16.5896111,191645741635226.0,0.9,289.190620045,-16.5896345155,0.00642342274542153,219503612.0,0.15224274113999756,289.1906016725,-16.589622807749997,4.087841918346863e+18,289.19061,-16.58975,0.9,0.4587926012849447,289.19060375437505,-16.5896546058125,289.19061493931,-16.58974831484,4.087841918346863e+18,1.0,0.3395524560532269,289.19060561853087,-16.58967022398375
289.2009583,-16.197833300000003,191648231611522.0,0.9,,,,,,289.2009583,-16.197833300000003,,,,,,289.2009583,-16.197833300000003,,,,,,289.2009583,-16.197833300000003
289.23625,-16.2073611,191656701612265.0,0.9,289.23625074,-16.2073389271,0.9519452107506229,219648746.0,0.0798634205559838,289.23625037,-16.20735001355,4.1839456942426276e+18,289.23625,-16.20746,0.9,0.3959532859184476,289.2362502775,-16.207377510162498,289.23624599923,-16.20745704198,4.1839456942426276e+18,0.8,0.28669627102874445,289.236249564455,-16.207390765465416
289.89054169999997,-16.9809444,191933731658514.0,0.9,,,,,,289.89054169999997,-16.9809444,,,,,,289.89054169999997,-16.9809444,,,,,,289.89054169999997,-16.9809444
289.0606667,-16.4019722,191614561624071.0,0.7,,,,,,289.0606667,-16.4019722,,,,,,289.0606667,-16.4019722,,,,,,289.0606667,-16.4019722
289.0360417,-16.1874444,191608651611148.0,0.9,289.03604506,-16.1874502032,0.86740057593402,219655998.0,0.02390392337552856,289.03604338,-16.187447301600002,4.1841289347281306e+18,289.03604,-16.18756,0.9,0.4058824923876123,289.03604253500004,-16.187475476200003,289.03604223403,-16.187562975320002,4.1841289347281306e+18,1.0,0.31499855061589005,289.03604248483833,-16.187490059386672
288.3425,-16.7526667,191322201645096.0,0.9,,,,,,288.3425,-16.7526667,,,,,,288.3425,-16.7526667,,,,,,288.3425,-16.7526667
289.34925,-16.2135556,191723821612488.0,0.7,289.34930509599997,-16.2135718566,0.7788008692367092,219646472.0,0.19924575170258338,289.349277548,-16.213563728300002,4.1839426705750164e+18,289.3493,-16.21369,0.9,0.46115611775946136,289.349283161,-16.213595296225,289.34929687430997,-16.213687276879998,4.1839426705750164e+18,0.7,0.33450634187887646,289.3492854465517,-16.21361062633417
288.927875,-16.5513889,191542691633050.0,0.9,288.92787928,-16.551416532,0.23115682493047301,219518666.0,0.10056567706005555,288.92787713999996,-16.551402716,4.087853875535923e+18,288.92787999999996,-16.55153,0.9,0.4583286729845036,288.92787785499996,-16.551434537,288.92787610477,-16.55153156199,4.087853875535923e+18,1.0,0.3493421782503381,288.92787756329494,-16.551450707831666
289.369375,-16.5586944,191728651633313.0,0.9,,,,,,289.369375,-16.5586944,,,,,,289.369375,-16.5586944,,,,,,289.369375,-16.5586944
288.402,-15.8028889,191336481548104.0,0.9,,,,,,288.402,-15.8028889,,,,,,288.402,-15.8028889,,,,,,288.402,-15.8028889
288.88675,-16.3441111,191532821620388.0,0.9,288.88677332,-16.3441391704,0.923951782252215,219597943.0,0.1292347292580961,288.88676166,-16.3441251352,4.08804852345465e+18,288.88677,-16.34425,0.9,0.4504356164413811,288.886763745,-16.3441563514,288.88677116137,-16.34425496276,4.08804852345465e+18,1.0,0.3559241771856886,288.8867649810617,-16.344172786626668
289.3326667,-16.1273056,191719841607383.0,0.7,289.332669781,-16.127328872899998,0.760983879473019,219677923.0,0.08445725917518783,289.33266824049997,-16.127317236449997,,,,,,289.33266824049997,-16.127317236449997,,,,,,289.33266824049997,-16.127317236449997
288.8599167,-17.0044167,191526381700159.0,0.9,,,,,,288.8599167,-17.0044167,,,,,,288.8599167,-17.0044167,,,,,,288.8599167,-17.0044167
289.4137917,-16.6096667,191739311636348.0,0.9,289.413804533,-16.609681507999998,3.4287028064409196e-50,219495504.0,0.06929473699260871,289.4137981165,-16.609674104,,,,,,289.4137981165,-16.609674104,289.41380697067,-16.609791115620002,4.1838680068618435e+18,0.3,0.4223478161746175,289.413799887334,-16.609697506324
288.993375,-16.2571667,191558411615258.0,0.9,288.99339651599996,-16.2571728531,0.9287316675709151,219630458.0,0.07758962290971612,288.993385758,-16.25716977655,4.1841264264672036e+18,288.99339,-16.25729,0.9,0.4330526508422841,288.99338681849997,-16.2571998324125,288.99339414432,-16.25729093326,4.1841264264672036e+18,1.0,0.3289388772640137,288.99338803946995,-16.25721501588708
289.96475,-16.0661944,191951541603583.0,0.9,289.964764214,-16.0662392292,1.7557948892828e-50,219700055.0,0.16870988137678472,289.96475710699997,-16.0662168146,4.1839608082197243e+18,289.96476,-16.06635,0.9,0.4795718783513699,289.96475783025,-16.06625011095,289.96475848427997,-16.06635433299,4.1839608082197243e+18,1.0,0.3752061657909238,289.964757939255,-16.06626748129
288.8141667,-16.3310278,191515401619517.0,0.9,288.81420051599997,-16.3310178372,0.9525309230351829,219602826.0,0.12220745019756694,288.814183608,-16.3310228186,4.088049451167613e+18,288.8142,-16.331129999999998,0.9,0.3899866100338297,288.814187706,-16.33104961395,288.81419651903,-16.33113109918,4.088049451167613e+18,1.0,0.2949226512556166,288.8141891748383,-16.331063194821667
289.548125,-16.48725,191811551629141.0,0.9,289.548150052,-16.4872628556,4.5288281141635804e-26,219543512.0,0.09808396444607843,289.548137526,-16.4872564278,4.183876248903626e+18,289.54815,-16.487379999999998,0.9,0.44693904389828026,289.5481406445,-16.487287320849997,289.54814531581,-16.48737607476,4.183876248903626e+18,1.0,0.31992072238852143,289.5481414230517,-16.48730211316833
289.2282083,-17.0369167,191654771702129.0,0.9,289.22823283400004,-17.0369260656,4.291131582589558e-196,219317665.0,0.09092846825832837,289.228220567,-17.0369213828,4.087773851703321e+18,289.22823,-17.03704,0.9,0.4282545115963907,289.22822292525,-17.0369510371,289.22822761593,-17.03704154134,4.087773851703321e+18,1.0,0.3262150520202091,289.22822370703005,-17.03696612114
289.1656667,-16.4421111,191639761626316.0,0.9,,,,,,289.1656667,-16.4421111,,,,,,289.1656667,-16.4421111,,,,,,289.1656667,-16.4421111
288.9010833,-15.962777800000001,191536261557460.0,0.9,288.901113464,-15.9628038379,0.9470452801485371,219736350.0,0.140308767100977,288.901098382,-15.962790818950001,4.184147420267683e+18,288.90111,-15.96292,0.9,0.46678706766124217,288.90110128649997,-15.962823114212501,288.9011097741,-15.96292030536,4.184147420267683e+18,1.0,0.3511192405610081,288.90110270109994,-15.962839312737083
289.13933330000003,-16.1309722,191633441607515.0,0.9,,,,,,289.13933330000003,-16.1309722,,,,,,289.13933330000003,-16.1309722,,,,,,289.13933330000003,-16.1309722
288.6104583,-16.1094444,191426511606340.0,0.9,288.610497152,-16.109478012100002,0.502615253322234,219684426.0,0.18082733347710084,288.610477726,-16.10946120605,4.088071230929227e+18,288.61048999999997,-16.10959,0.9,0.46559753085873457,288.6104807945,-16.1094934045375,288.61049447683996,-16.10959291436,4.088071230929227e+18,1.0,0.3613474381621443,288.61048307489,-16.109509989507917
288.7614583,-16.16125,191502751609405.0,0.9,,,,,,288.7614583,-16.16125,,,,,,288.7614583,-16.16125,,,,,,288.7614583,-16.16125
289.139125,-16.3393056,191633391620215.0,0.9,289.13912671099996,-16.3393340154,0.939931820043895,219599730.0,0.10246606725958039,289.13912585549997,-16.3393198077,4.183937104307997e+18,289.13912,-16.33945,0.9,0.4691285994021126,289.139124391625,-16.339352355775,289.13912048415,-16.339447759749998,4.183937104307997e+18,1.0,0.3437194786847278,289.13912374037915,-16.3393682564375
289.2700417,-16.6146111,191704811636526.0,0.9,289.27008633599996,-16.6146075189,0.9552731812022389,219493488.0,0.1545195045127152,289.27006401799997,-16.614609309450003,4.087838688531416e+18,289.27008,-16.614720000000002,0.9,0.40228190602311314,289.2700680135,-16.614636982087504,289.27008067468,-16.6147212879,4.087838688531416e+18,1.0,0.3066276455696312,289.27007012369666,-16.61465103305625
289.63,-16.245027800000003,191831201614421.0,0.9,289.630012539,-16.2450671462,0.948022371216792,219634967.0,0.14812789455198103,289.6300062695,-16.2450474731,,,,,,289.6300062695,-16.2450474731,289.63000688498,-16.24518356776,4.1839511874929905e+18,1.0,0.48994539413871385,289.630006392596,-16.245074692032
289.50225,-16.6004444,191800541636016.0,0.9,289.502293219,-16.600471312,0.96624049683992,219499220.0,0.17781511291222105,289.5022716095,-16.600457856,4.183868556628623e+18,289.50229,-16.60059,0.9,0.4799306555590068,289.50227620712496,-16.600490892,289.5022891019,-16.60058727048,4.183868556628623e+18,1.0,0.3498028460785222,289.5022783562541,-16.600506955079997
289.1872917,-17.2853889,191644951717074.0,0.9,289.18732572,-17.2854070199,0.684895119865814,219208969.0,0.133904085519255,289.18730871,-17.28539795995,,,,,,289.18730871,-17.28539795995,289.18731733159,-17.28552388947,4.087732516937081e+18,0.8,0.4543139129245655,289.187310434318,-17.285423145854
288.78583330000004,-16.961444399999998,191508601657412.0,0.9,288.785838801,-16.961488464400002,2.76344500080942e-19,219350257.0,0.15975877547185713,288.78583605050005,-16.961466432199998,4.087804603669964e+18,288.78583,-16.9616,0.9,0.4812952293090272,288.785834537875,-16.96149982415,288.78583380015,-16.96160100702,4.087804603669964e+18,1.0,0.36426718967818494,288.7858344149208,-16.961516687961666
289.146875,-17.0854167,191635251705075.0,0.9,289.146875847,-17.0854491949,6.08446302625506e-06,219296766.0,0.11701794382719229,289.1468754235,-17.085432947450002,4.087773405026728e+18,289.14687000000004,-17.08556,0.9,0.4577697749894967,289.146874067625,-17.0854647105875,289.14687006077,-17.08556077656,4.087773405026728e+18,1.0,0.34611224797910006,289.14687339981583,-17.08548072158292
288.3142083,-16.2700833,191315411616123.0,0.9,288.314225392,-16.2700925887,0.927607729747884,219625582.0,0.06787559324741944,288.314216846,-16.27008794435,4.088107995849289e+18,288.31422000000003,-16.270210000000002,0.9,0.439535506704431,288.31421763450004,-16.270118458262502,288.31422379608,-16.27020729968,4.088107995849289e+18,1.0,0.32053714522961513,288.31421866143,-16.270133265165416
289.19425,-16.322444400000002,191646621619208.0,0.9,289.194297378,-16.322462868800002,0.976153976662209,219605951.0,0.176674402416381,289.194273689,-16.322453634400002,4.183935794330206e+18,289.19428999999997,-16.32258,0.9,0.4583932396349817,289.19427776674996,-16.3224852258,289.19429176503996,-16.32257662932,4.183935794330206e+18,1.0,0.3325877521943867,289.1942800997983,-16.32250045972
288.621125,-15.818222199999997,191429071549056.0,0.9,288.621126883,-15.8182413159,0.0447912080043511,219785429.0,0.06912561213387453,288.6211259415,-15.818231757949999,4.1842029756603e+18,288.62112,-15.81835,0.9,0.4261685531393389,288.621124456125,-15.818261318462499,288.62112346351,-15.818349155070003,4.1842029756603e+18,0.9,0.31623047721801734,288.6211242906892,-15.81827595789708
289.12225,-16.765111100000002,191629341645544.0,0.7,,,,,,289.12225,-16.765111100000002,,,,,,289.12225,-16.765111100000002,,,,,,289.12225,-16.765111100000002
289.1508333,-16.12675,191636201607363.0,0.9,289.15109385,-16.1268380105,9.464702703843057e-45,219678096.0,0.9551508467785006,289.150963575,-16.126794005249998,4.184134810228515e+18,289.15109,-16.12696,0.9,0.7404489458088899,289.15099518125,-16.1268355039375,289.15109090251,-16.12695682395,4.184134810228515e+18,1.0,0.5480304396005762,289.15101113479335,-16.12685572393958
289.090375,-16.1641667,191621691609510.0,0.9,,,,,,289.090375,-16.1641667,,,,,,289.090375,-16.1641667,,,,,,289.090375,-16.1641667
289.134625,-16.192944400000002,191632311611346.0,0.7,289.134638297,-16.1929538901,0.559383931473744,219653977.0,0.05727527102963543,289.1346316485,-16.19294914505,4.184128419331972e+18,289.13462999999996,-16.193070000000002,0.9,0.43511514554424024,289.13463123637496,-16.1929793587875,289.13463491392,-16.19306935886,4.184128419331972e+18,1.0,0.32424961563558063,289.1346318492991,-16.192994358799584
289.2322083,-16.0561111,191655731603220.0,0.9,289.232241603,-16.0560904568,0.998198538214321,219703587.0,0.13710239671667845,289.23222495150003,-16.0561007784,4.184136906187904e+18,289.23224,-16.05621,0.9,0.39662937131607345,289.23222871362503,-16.0561280838,289.23224079389,-16.05620980019,4.184136906187904e+18,0.9,0.2971327968393425,289.23223072700256,-16.056141703198335
289.0188333,-16.0920278,191604521605313.0,0.9,289.018836997,-16.0920219134,4.46662144141197e-07,219690673.0,0.024751088095285,289.0188351485,-16.0920248567,,,,,,289.0188351485,-16.0920248567,,,,,,289.0188351485,-16.0920248567
290.02175,-15.593333300000001,192005221535360.0,0.9,290.021753461,-15.593348224100001,0.16214249028525798,219857389.0,0.05505078537098146,290.0217517305,-15.593340762050001,4.18408357987166e+18,290.02175,-15.593470000000002,0.9,0.4652953132069757,290.02175129787497,-15.593373071537501,290.02174683157,-15.59346695869,4.18408357987166e+18,1.0,0.3383483682732589,290.0217505534908,-15.593388719396252
289.26804169999997,-16.3884722,191704331623185.0,0.9,289.268080422,-16.3884979699,0.00345879620380709,219581274.0,0.16276290516483816,289.268061061,-16.38848508495,4.1839343555287967e+18,289.26807,-16.38861,0.9,0.4507526959435563,289.26806329575004,-16.3885163137125,289.26807482844,-16.38861137557,4.1839343555287967e+18,1.0,0.34453281812965386,289.268065217865,-16.388532157355417
289.3405,-15.599777800000002,191721721535592.0,0.9,,,,,,289.3405,-15.599777800000002,,,,,,289.3405,-15.599777800000002,,,,,,289.3405,-15.599777800000004
288.8025,-17.0866944,191512601705121.0,0.7,288.802491713,-17.0867123491,0.9685755712637509,219296218.0,0.07062938973387405,288.8024958565,-17.086703374549998,4.087799621507741e+18,288.80249,-17.08683,0.9,0.456296871270396,288.802494392375,-17.0867350309125,288.80248664572,-17.08682800633,4.087799621507741e+18,1.0,0.33577133027015904,288.80249310126584,-17.08675052681542
287.947125,-16.5468056,191147311632485.0,0.9,287.94713791099997,-16.5468414736,0.432828312005594,219520438.0,0.13661459233792708,287.94713145549997,-16.546823536799998,4.088073876634321e+18,287.94714,-16.546960000000002,0.9,0.492151622672269,287.94713359162495,-16.5468576526,287.94713572695,-16.54695591224,4.088073876634321e+18,1.0,0.3538114474385357,287.94713394751244,-16.546874029206666
288.7433333,-16.8358056,191458401650089.0,0.9,288.74333912099996,-16.835836984700002,0.0675720805226006,219403055.0,0.1147514356672143,288.7433362105,-16.83582129235,4.0878195501563397e+18,288.74332999999996,-16.83595,0.9,0.4638414402439605,288.743334657875,-16.8358534692625,288.74333445419,-16.835951315379997,4.0878195501563397e+18,1.0,0.35224672219546227,288.7433346239275,-16.83586977694875
289.2050833,-16.2228333,191649221613222.0,0.9,,,,,,289.2050833,-16.2228333,,,,,,289.2050833,-16.2228333,,,,,,289.2050833,-16.2228333
288.8742083,-15.851305599999998,191529811551047.0,0.9,288.874245331,-15.851329471800002,0.738742766825605,219774323.0,0.1543745414497091,288.87422681550004,-15.8513175359,4.1841576594698383e+18,288.87424,-15.85145,0.9,0.47905166036722713,288.874230111625,-15.851350651925,288.87424285593,-15.85144553996,4.1841576594698383e+18,1.0,0.3444362716345648,288.87423223567583,-15.851366466597499
288.8527083,-16.8561667,191524651651222.0,0.7,288.852749251,-16.8562010223,2.33482148463769e-23,219394517.0,0.1875458024864578,288.8527287755,-16.85618386115,4.0878071806503926e+18,288.85275,-16.85632,0.9,0.4955251643373463,288.852734081625,-16.8562178958625,288.85274632016,-16.85631623895,4.0878071806503926e+18,1.0,0.35653725365427175,288.8527361213808,-16.856234286377084
289.185,-16.2593889,191644401615338.0,0.9,289.185010753,-16.2594095746,0.9914126799277351,219629635.0,0.08319052503205682,289.1850053765,-16.259399237300002,4.183939475129978e+18,289.18501000000003,-16.259520000000002,0.9,0.4350392689993275,289.18500653237504,-16.259429427975,289.18500653973,-16.25952302212,4.183939475129978e+18,1.0,0.3369389229633192,289.18500653360087,-16.259445026999163
288.75208330000004,-16.240138899999998,191500501614245.0,0.7,288.752134356,-16.2401405422,0.99972656930272,219636808.0,0.17656654896151472,288.752108828,-16.2401397211,4.0880539823400617e+18,288.75212999999997,-16.24026,0.9,0.43914405448109844,288.752114121,-16.240169790825,288.75213025214003,-16.240256922729998,4.0880539823400617e+18,1.0,0.3185914692902705,288.75211680952333,-16.240184312809166
288.81241669999997,-17.33825,191514981720177.0,0.1,,,,,,288.81241669999997,-17.33825,,,,,,288.81241669999997,-17.33825,,,,,,288.81241669999997,-17.33825
289.5223333,-16.778833300000002,191805361646438.0,0.9,289.52235754599997,-16.7788630652,0.992690165410008,219426848.0,0.1358896527691808,289.522345423,-16.7788481826,4.183861684680804e+18,289.52235,-16.778979999999997,0.9,0.4748047912273134,289.52234656725,-16.778881136949998,289.52235206212004,-16.77897571164,4.183861684680804e+18,1.0,0.3409952490550185,289.52234748306165,-16.77889689939833
289.0776667,-16.1918056,191618641611305.0,0.7,,,,,,289.0776667,-16.1918056,,,,,,289.0776667,-16.1918056,,,,,,289.0776667,-16.1918056
289.1594583,-16.41775,191638271625039.0,0.7,,,,,,289.1594583,-16.41775,,,,,,289.1594583,-16.41775,,,,,,289.1594583,-16.41775
288.9379583,-16.3876944,191545111623157.0,0.9,288.937982649,-16.387712353599998,0.99994352013676,219581534.0,0.10606338775103341,288.9379704745,-16.387703376799998,4.0878605069654907e+18,288.93798,-16.387829999999997,0.9,0.4570291425816681,288.937972855875,-16.3877350326,288.93797658902,-16.38782669901,4.0878605069654907e+18,1.0,0.3302508566777953,288.9379734780658,-16.387750310334997
289.2416667,-16.2410278,191658001614277.0,0.7,,,,,,289.2416667,-16.2410278,,,,,,289.2416667,-16.2410278,,,,,,289.2416667,-16.2410278
289.0217917,-16.88225,191605231652561.0,0.9,289.021809102,-16.882261968199998,0.999938815836899,219383739.0,0.07382441537535644,289.021800401,-16.8822559841,4.0878267613902464e+18,289.02181,-16.882379999999998,0.9,0.44768013396143297,289.02180280075,-16.882286988075,289.02180635220003,-16.882376016320002,4.0878267613902464e+18,1.0,0.3207350998244598,289.02180339265834,-16.88230182611583
288.7885417,-15.8733611,191509251552241.0,0.9,288.788557843,-15.873359631700001,0.9354864693987891,219766926.0,0.05614816469956032,288.7885497715,-15.87336036585,4.184198788077656e+18,288.78855,-15.873479999999999,0.9,0.4306836668121312,288.78854982862504,-15.8733902743875,288.78855395813,-15.873476948050001,4.184198788077656e+18,1.0,0.312352664930483,288.7885505168759,-15.873404719997916
289.04670830000003,-16.363472199999997,191611211621485.0,0.9,289.046661166,-16.3634692856,0.635992653070439,219590752.0,0.16314691903455777,289.046684733,-16.363470742799997,4.1839367950704046e+18,289.04666000000003,-16.36358,0.9,0.4024971202823846,289.04667854975,-16.363498057099996,289.04665801967,-16.36358497908,4.1839367950704046e+18,1.0,0.3208539379324872,289.04667512807004,-16.363512544096665
288.4305833,-16.8196944,191343341649109.0,0.7,288.430599671,-16.8197373671,0.9992603488575129,219409830.0,0.1646479944378374,288.43059148550003,-16.81971588355,4.0880046117077683e+18,288.4306,-16.81985,0.9,0.48370992021317194,288.43059361412503,-16.8197494126625,288.43059653787003,-16.81984817895,4.0880046117077683e+18,1.0,0.3557013529956278,288.43059410141586,-16.819765873710416
288.7505,-16.0976944,191500121605517.0,0.1,288.750542854,-16.097698599,0.991395775849655,219688645.0,0.14899415822245987,288.75052142699997,-16.097696499500003,4.184144534049663e+18,288.75054,-16.097820000000002,0.9,0.44921896751834783,288.75052607025,-16.097727374625002,288.75054000866004,-16.09781514105,4.184144534049663e+18,1.0,0.31961610006252045,288.75052839331835,-16.097742002362505
289.036625,-15.40775,191608791524279.0,0.9,289.036612559,-15.407780467,1.50141735978008e-07,219912566.0,0.11787407382876304,289.03661877950003,-15.407765233500001,,,,,,289.03661877950003,-15.407765233500001,289.03660735192,-15.40789816205,4.184245586042699e+18,1.0,0.48018346889899094,289.036616493984,-15.40779181921
288.6173333,-16.333972199999998,191428161620023.0,0.9,288.61734868400004,-16.3339843555,0.991325235893438,219601739.0,0.0688442708405611,288.617340992,-16.33397827775,,,,,,288.617340992,-16.33397827775,288.61734463576,-16.334099260010003,4.0880575213936307e+18,1.0,0.4357180118050053,288.617341720752,-16.334002474202002
289.1042083,-16.5338333,191625011632018.0,0.7,,,,,,289.1042083,-16.5338333,,,,,,289.1042083,-16.5338333,,,,,,289.1042083,-16.5338333
288.8290417,-16.6567778,191518971639244.0,0.9,288.829048618,-16.6567941101,0.5108924959630711,219476447.0,0.06337901453770867,288.829045159,-16.65678595505,4.0878470679956096e+18,288.82903999999996,-16.6569,0.9,0.4109472005520844,288.82904386925,-16.6568144662875,288.82903888418997,-16.6569038343,4.0878470679956096e+18,0.7,0.3221839240209886,288.8290430384066,-16.656829360956248
288.85025,-16.3644167,191524061621519.0,0.9,288.850273144,-16.3644460553,8.58523776559643e-27,219590348.0,0.13251024932677694,288.850261572,-16.36443137765,4.088049107570208e+18,288.85027,-16.36456,0.9,0.4639546918871367,288.850263679,-16.3644635332375,288.85026979558,-16.3645601486,4.088049107570208e+18,1.0,0.3484564012798776,288.85026469843,-16.364479635797917
288.4219167,-16.17225,191341261610201.0,0.9,288.421954948,-16.1722697384,3.840834179028339e-83,219661601.0,0.15012587405337688,288.421935824,-16.172259869199998,4.088110332311492e+18,288.42194,-16.17238,0.9,0.432711841757186,288.421936868,-16.172289901899997,288.42194412839,-16.17238191945,4.088110332311492e+18,0.7,0.332212974104464,288.421938078065,-16.172305238158334
288.5539167,-15.908083300000001,191412941554291.0,0.9,,,,,,288.5539167,-15.908083300000001,,,,,,288.5539167,-15.908083300000001,,,,,,288.5539167,-15.908083300000001
289.2475,-16.5908611,191659401635271.0,0.9,289.247546035,-16.5908667004,0.288504632676708,219503117.0,0.16010104745941092,289.24752301750004,-16.5908639002,4.087838959097352e+18,289.24754,-16.59098,0.9,0.422046147953511,289.24752726312505,-16.590892925149998,289.24754047237,-16.59097749323,4.087838959097352e+18,1.0,0.30783722722866536,289.2475294646659,-16.59090701983
289.0245417,-16.496694400000003,191605891629481.0,0.9,289.024566864,-16.4967047825,0.9942214913998481,219539917.0,0.09456179689372739,289.024554282,-16.49669959125,4.0878556966020454e+18,289.02456,-16.49682,0.9,0.4339206240348218,289.0245557115,-16.4967296934375,289.02456172485,-16.49681905092,4.0878556966020454e+18,1.0,0.32235591464806884,289.02455671372496,-16.49674458635125
289.0327083,-16.1766667,191607851610360.0,0.9,,,,,,289.0327083,-16.1766667,,,,,,289.0327083,-16.1766667,,,,,,289.0327083,-16.1766667
289.1032083,-17.1770833,191624771710375.0,0.7,289.10325289900004,-17.1771022971,0.997973839506693,219256928.0,0.16794988984383344,289.1032305995,-17.17709279855,,,,,,289.1032305995,-17.17709279855,,,,,,289.1032305995,-17.17709279855
289.39175,-16.8715833,191734021652177.0,0.7,289.39179736200003,-16.8716091705,0.9310439624853579,219388192.0,0.18787363604780496,289.391773681,-16.871596235250003,4.08778267784592e+18,289.3918,-16.87173,0.9,0.4900147623429163,289.39178026075,-16.8716296764375,289.39179551308,-16.87172666524,4.08778267784592e+18,1.0,0.3530912953518494,289.39178280280504,-16.871645841237918
289.153,-17.2194722,191636721713101.0,0.9,289.15304260000005,-17.219488698,0.81182385789177,219238231.0,0.15806856468852784,289.15302130000003,-17.219480449,4.0877361590694584e+18,289.15304,-17.2196,0.9,0.4351607296341653,289.153025975,-17.219510336749998,289.15303981456003,-17.21960036466,4.0877361590694584e+18,1.0,0.32757572371084875,289.1530282815933,-17.219525341401667
289.196875,-16.06925,191647251604093.0,0.9,289.196897683,-16.069240745,0.981412650364736,219698970.0,0.08524875470893876,289.1968863415,-16.0692453725,4.1841353943589187e+18,289.19689,-16.06936,0.9,0.41285303007466506,289.19688725612497,-16.069274029375,289.1968944254,-16.06935678789,4.1841353943589187e+18,1.0,0.29896113775564326,289.1968884510041,-16.069287822460833
289.18404169999997,-16.206166699999997,191644171612222.0,0.7,289.184080237,-16.206192003800002,0.9479360277025931,219649169.0,0.16138694000269993,289.1840609685,-16.206179351899998,4.1839405016143555e+18,289.18408,-16.2063,0.9,0.439287760888352,289.18406572637497,-16.206209513924996,289.18407914992,-16.20630496428,4.1839405016143555e+18,0.9,0.34674047865542273,289.18406796363246,-16.206225422317498
289.0917917,-15.7710833,191622031546159.0,0.9,289.09182842,-15.7711058346,0.44526364107755795,219800881.0,0.15088081131153916,289.09181006,-15.7710945673,4.1841827377683113e+18,289.09182000000004,-15.771220000000001,0.9,0.4528689382368649,289.09181254500004,-15.771125925475001,289.09182422752997,-15.77121781875,4.1841827377683113e+18,1.0,0.3332824934712872,289.09181449208836,-15.771141241020835
288.8392083,-16.0029722,191521411600107.0,0.9,288.839235845,-16.0029698299,0.98258694413672,219722212.0,0.09570033390424554,288.8392220725,-16.00297101495,4.184146900561611e+18,288.83923,-16.003079999999997,0.9,0.39330407602815415,288.839224054375,-16.002998261212497,288.83923281552,-16.00308281284,4.184146900561611e+18,1.0,0.30589201229550256,288.83922551456584,-16.003012353150414
289.2553333,-16.16175,191701281609423.0,0.7,,,,,,289.2553333,-16.16175,,,,,,289.2553333,-16.16175,,,,,,289.2553333,-16.16175
288.79816669999997,-17.4418889,191511561726308.0,0.9,,,,,,288.79816669999997,-17.4418889,,,,,,288.79816669999997,-17.4418889,,,,,,288.79816669999997,-17.4418889
289.261875,-16.0879444,191702851605166.0,0.9,289.261897077,-16.0879437416,0.9741533624279269,219692101.0,0.07640144846944368,289.2618860385,-16.0879440708,4.184136558285344e+18,289.26189,-16.088060000000002,0.9,0.4175700159398831,289.261887028875,-16.0879730531,289.26189346947,-16.08806274708,4.184136558285344e+18,1.0,0.3236659454422981,289.26188810230747,-16.08798800209667
289.11066669999997,-16.2484722,191626561614545.0,0.9,289.11068673,-16.2484522298,0.597573544619908,219633753.0,0.09980507888461139,289.11067671499995,-16.2484622149,4.1839401279650765e+18,289.11068,-16.24857,0.9,0.388192427913608,289.11067753624997,-16.248489161175,289.11067808989,-16.24857186747,4.1839401279650765e+18,0.5,0.2977488106276777,289.1106776285233,-16.2485029455575
289.07320830000003,-16.0049167,191617571600177.0,0.7,,,,,,289.07320830000003,-16.0049167,,,,,,289.07320830000003,-16.0049167,,,,,,289.07320830000003,-16.0049167
288.716625,-15.693861100000001,191451991541379.0,0.1,,,,,,288.716625,-15.693861100000001,,,,,,288.716625,-15.693861100000001,,,,,,288.716625,-15.693861100000001
288.88975,-16.426888899999998,191533541625368.0,0.9,288.88976488599997,-16.4269055391,0.930060925983452,219566703.0,0.07893213166567568,288.889757443,-16.42689721955,4.087858819031214e+18,288.88976,-16.427020000000002,0.9,0.44209779849232667,288.88975808225,-16.4269279146625,288.88975921357996,-16.427024939560003,4.087858819031214e+18,1.0,0.349311476168591,288.889758270805,-16.42694408547875
288.20658330000003,-15.842777800000002,191249581550340.0,0.7,,,,,,288.20658330000003,-15.842777800000002,,,,,,288.20658330000003,-15.842777800000002,,,,,,288.20658330000003,-15.842777800000002
288.438,-16.326111100000002,191345121619340.0,0.1,,,,,,288.438,-16.326111100000002,,,,,,288.438,-16.326111100000002,,,,,,288.438,-16.326111100000002
289.90745830000003,-16.3086667,191937791618312.0,0.1,,,,,,289.90745830000003,-16.3086667,,,,,,289.90745830000003,-16.3086667,,,,,,289.90745830000003,-16.3086667
289.5563333,-16.2471111,191813521614496.0,0.1,289.55636006,-16.2471472236,0.962290620424652,219634222.0,0.1595802421781973,289.55634668,-16.2471291618,4.183930777809207e+18,289.55636,-16.24726,0.9,0.47326198509464035,289.55635001,-16.24716187135,289.55635506322,-16.247263614229997,4.183930777809207e+18,1.0,0.3666905258664832,289.55635085220337,-16.247178828496665
289.1533333,-16.384222199999996,191636801623032.0,0.7,289.153334863,-16.3842431765,0.883621375205439,219582840.0,0.07570810612823159,289.1533340815,-16.38423268825,4.1839337714133284e+18,289.15333,-16.38436,0.9,0.458539036743052,289.153333061125,-16.3842645161875,289.15332938281,-16.38436048685,4.1839337714133284e+18,1.0,0.34572787949000877,289.1533324480725,-16.384280511297916
289.1555,-16.0013889,191637321600050.0,0.9,289.155504183,-16.0014042725,0.6422358091070419,219722781.0,0.0572028140417905,289.1555020915,-16.00139658625,,,,,,289.1555020915,-16.00139658625,,,,,,289.1555020915,-16.00139658625
289.3725,-16.1993611,191729401611577.0,0.7,289.372545248,-16.1993737923,0.9826357435266501,219651610.0,0.1629622632612132,289.372522624,-16.19936744615,4.183944182414043e+18,289.37254,-16.19949,0.9,0.44526444631978224,289.372526968,-16.1993980846125,289.37254100802,-16.199489072720002,4.183944182414043e+18,1.0,0.33113377852404746,289.3725293080033,-16.199413249297084
,,,,286.577835918,-13.8008297875,0.7366011944797471,,,286.577835918,-13.8008297875,,,,,,286.577835918,-13.8008297875,,,,,,286.577835918,-13.8008297875
,,,,287.164554916,-13.6497964942,0.9518645665158442,,,287.164554916,-13.6497964942,,,,,,287.164554916,-13.6497964942,,,,,,287.164554916,-13.649796494199999
,,,,291.326538493,-14.0692542115,0.9320254800416792,,,291.326538493,-14.0692542115,,,,,,291.326538493,-14.0692542115,,,,,,291.326538493,-14.0692542115
,,,,285.24052606099997,-14.7439040201,0.7992673058595792,220070265.0,,285.24052606099997,-14.7439040201,,,,,,285.24052606099997,-14.7439040201,,,,,,285.24052606099997,-14.743904020099999
,,,,286.241408758,-15.5948140305,0.872384297670303,219856935.0,,286.241408758,-15.5948140305,,,,,,286.241408758,-15.5948140305,,,,,,286.241408758,-15.594814030499998
,,,,286.347896457,-16.2444658246,0.98561588347909,219635263.0,,286.347896457,-16.2444658246,,,,,,286.347896457,-16.2444658246,,,,,,286.347896457,-16.2444658246
,,,,289.223175241,-19.3783871022,0.79549065315158,218118532.0,,289.223175241,-19.3783871022,,,,,,289.223175241,-19.3783871022,289.22317181107,-19.3784946728,4.0838398678178765e+18,0.4,0.38742930375564294,289.22317438351746,-19.37841399485
,,,,287.085934819,-17.8902016871,0.9876481577902959,218927928.0,,287.085934819,-17.8902016871,,,,,,287.085934819,-17.8902016871,,,,,,287.085934819,-17.8902016871
,,,,286.347842559,-16.244170125,0.957231375261769,219635263.0,,286.347842559,-16.244170125,,,,,,286.347842559,-16.244170125,,,,,,286.347842559,-16.244170125
,,,,292.174550359,-15.9730297234,0.804570455238332,219732867.0,,292.174550359,-15.9730297234,,,,,,292.174550359,-15.9730297234,,,,,,292.174550359,-15.973029723399998
,,,,290.94426277400004,-14.9036015726,0.8305320602444258,,,290.94426277400004,-14.9036015726,,,,,,290.94426277400004,-14.9036015726,,,,,,290.94426277400004,-14.903601572600001
,,,,292.012972564,-15.305846055,0.923407393657173,,,292.012972564,-15.305846055,,,,,,292.012972564,-15.305846055,,,,,,292.012972564,-15.305846054999998
,,,,290.31477268,-13.9318488236,0.7892424008398611,,,290.31477268,-13.9318488236,,,,,,290.31477268,-13.9318488236,,,,,,290.31477268,-13.9318488236
,,,,291.326108405,-17.1738827566,0.907070852725673,219258383.0,,291.326108405,-17.1738827566,,,,,,291.326108405,-17.1738827566,,,,,,291.326108405,-17.1738827566
,,,,290.01424788400004,-14.9318695547,0.727717171965279,220033267.0,,290.01424788400004,-14.9318695547,,,,,,290.01424788400004,-14.9318695547,,,,,,290.01424788400004,-14.9318695547
,,,,293.268370708,-20.0459319866,,,,293.268370708,-20.0459319866,,,,,,293.268370708,-20.0459319866,,,,,,293.268370708,-20.0459319866
,,,,291.615203033,-21.2459329321,,217057859.0,,291.615203033,-21.2459329321,,,,,,291.615203033,-21.2459329321,,,,,,291.615203033,-21.2459329321
,,,,289.224771935,-10.763426536199999,,,,289.224771935,-10.763426536199999,,,,,,289.224771935,-10.763426536199999,,,,,,289.224771935,-10.763426536199999
,,,,289.83120168799996,-10.8663877081,,,,289.83120168799996,-10.8663877081,,,,,,289.83120168799996,-10.8663877081,,,,,,289.83120168799996,-10.8663877081
,,,,287.261203899,-11.936377132999999,,,,287.261203899,-11.936377132999999,,,,,,287.261203899,-11.936377132999999,,,,,,287.261203899,-11.936377132999999
,,,,291.40175248099996,-11.3170069969,,,,291.40175248099996,-11.3170069969,,,,,,291.40175248099996,-11.3170069969,,,,,,291.40175248099996,-11.3170069969
,,,,290.07346962599996,-12.262211663499999,,,,290.07346962599996,-12.262211663499999,,,,,,290.07346962599996,-12.262211663499999,,,,,,290.07346962599996,-12.262211663499999
,,,,290.89213818400003,-12.166854696400002,,,,290.89213818400003,-12.166854696400002,,,,,,290.89213818400003,-12.166854696400002,,,,,,290.89213818400003,-12.166854696400002
,,,,289.354812942,-12.5417004917,,,,289.354812942,-12.5417004917,,,,,,289.354812942,-12.5417004917,,,,,,289.354812942,-12.5417004917
,,,,290.59871565,-12.9021993575,,,,290.59871565,-12.9021993575,,,,,,290.59871565,-12.9021993575,,,,,,290.59871565,-12.9021993575
,,,,289.77032408599996,-13.4599998272,,,,289.77032408599996,-13.4599998272,,,,,,289.77032408599996,-13.4599998272,289.77032096281005,-13.460115590080001,4.1856671128261576e+18,1.0,0.4168897958250066,289.7703233052025,-13.46002876792
,,,,289.721937962,-14.426883901400002,0.195017868733408,,,289.721937962,-14.426883901400002,4.185533526471769e+18,289.72193,-14.427,0.9,0.4188757923658624,289.721935308,-14.426922600933333,289.72193263126,-14.42700360075,4.185533526471769e+18,1.0,0.29174863953270197,289.721934772652,-14.426938800896668
,,,,288.86119308900004,-14.204758822999999,1.1375721322798301e-09,,,288.86119308900004,-14.204758822999999,4.185236383460552e+18,288.86118999999997,-14.204870000000001,0.9,0.40038235863254173,288.86119205933335,-14.204795881999999,288.86118890547,-14.204869673470002,4.185236383460552e+18,1.0,0.26587721804999664,288.8611914285607,-14.204810640294
,,,,290.839545571,-13.8557265351,0.0024477825739068603,,,290.839545571,-13.8557265351,4.184913676789036e+18,290.83952999999997,-13.855839999999999,0.9,0.41208341097628104,290.8395403806666,-13.855764356733333,290.83953497227003,-13.855837912790001,4.184913676789036e+18,0.5,0.2654756943319668,290.8395392989873,-13.855779067944667
,,,,290.460001776,-14.5761066035,1.7306578728706896e-76,,,290.460001776,-14.5761066035,,,,,,290.460001776,-14.5761066035,,,,,,290.460001776,-14.5761066035
,,,,289.251451558,-15.1816448143,0.28385425577694895,219973984.0,,289.251451558,-15.1816448143,4.184343197746729e+18,289.25145,-15.18176,0.9,0.4147038492935307,289.25145103866663,-15.181683209533333,289.25144675893,-15.181764014829998,4.184343197746729e+18,1.0,0.2912788444624869,289.25145018271934,-15.181699370592664
,,,,290.215080773,-15.1451778929,0.0103050249081267,219983184.0,,290.215080773,-15.1451778929,,,,,,290.215080773,-15.1451778929,,,,,,290.215080773,-15.1451778929
,,,,289.976672213,-15.276035213599998,0.00574238348921414,219949130.0,,289.976672213,-15.276035213599998,,,,,,289.976672213,-15.276035213599998,289.97667446374,-15.276151817799999,4.1843060935394765e+18,0.4,0.41984788567482023,289.97667277568496,-15.276064364649999
,,,,288.816830077,-16.0332095286,6.62257306500872e-10,,,288.816830077,-16.0332095286,4.184145285660713e+18,288.81683,-16.03333,0.9,0.4336971218299558,288.81683005133334,-16.033249685733335,288.8168273116,-16.03332579573,4.184145285660713e+18,1.0,0.2741599170279099,288.81682950338666,-16.033264907732665
,,,,289.058948925,-16.1195303194,0.0007279265484549709,219680760.0,,289.058948925,-16.1195303194,4.184129862426612e+18,289.05895,-16.11965,0.9,0.4308662005455938,289.05894928333333,-16.119570212933333,289.05894641003,-16.11964500768,4.184129862426612e+18,1.0,0.2694443944964085,289.0589487086727,-16.119585171882665
,,,,290.021985062,-15.5098087732,0.355816140069805,219882693.0,,290.021985062,-15.5098087732,4.1840885233693486e+18,290.02198,-15.509920000000001,0.9,0.400801318273756,290.02198337466666,-15.5098458488,290.02197994398,-15.509920001600001,4.1840885233693486e+18,1.0,0.26721521734860665,290.02198268852936,-15.50986067936
,,,,290.551416155,-15.8887560418,0.434359492812123,219761627.0,,290.551416155,-15.8887560418,4.184002319091492e+18,290.55141000000003,-15.88887,0.9,0.41080268561190153,290.55141410333334,-15.888794027866666,290.55140922801,-15.888869926720002,4.184002319091492e+18,1.0,0.2737568208498444,290.5514131282687,-15.888809207637333
,,,,289.277388379,-16.320251861099997,0.125089834626807,219606762.0,,289.277388379,-16.320251861099997,4.1839352488820393e+18,289.27738,-16.32036,0.9,0.39037490029023264,289.277385586,-16.320287907399997,289.27737802736,-16.32036158656,4.1839352488820393e+18,0.7,0.26652743251333927,289.27738407427194,-16.320302643231997
,,,,290.636163938,-17.694046449200002,0.028619343329645,219022685.0,,290.636163938,-17.694046449200002,4.180543152426578e+18,290.63615,-17.69416,0.9,0.4115684352503551,290.636159292,-17.694084299466667,290.63615447069003,-17.69415921171,4.180543152426578e+18,0.7,0.2701905391460328,290.63615832773803,-17.694099281915335
,,,,293.94868568,-16.966137884000002,,219348246.0,,293.94868568,-16.966137884000002,,,,,,293.94868568,-16.966137884000002,,,,,,293.94868568,-16.966137884000002
,,,,293.599734719,-18.1771544714,,218775652.0,,293.599734719,-18.1771544714,,,,,,293.599734719,-18.1771544714,,,,,,293.599734719,-18.1771544714
,,,,293.297549762,-18.3069229684,,218707114.0,,293.297549762,-18.3069229684,,,,,,293.297549762,-18.3069229684,,,,,,293.297549762,-18.3069229684
,,,,283.212935718,-15.1781666375,,,,283.212935718,-15.1781666375,,,,,,283.212935718,-15.1781666375,,,,,,283.212935718,-15.1781666375
,,,,287.76306319,-15.9321890615,0.0353166129409782,219746828.0,,287.76306319,-15.9321890615,4.0888633259773204e+18,287.76305,-15.932310000000001,0.9,0.43776633091618783,287.76305879333336,-15.932229374333334,287.76305425003,-15.93230590015,4.0888633259773204e+18,0.4,0.2759415114546176,287.7630578846727,-15.932244679496668
,,,,286.98271527400004,-15.962041257000001,0.140745571039643,219736596.0,,286.98271527400004,-15.962041257000001,4.0888278323754706e+18,286.98271,-15.96215,0.9,0.39190016660619775,286.98271351600005,-15.962077504666667,286.98271486384,-15.962152844529998,4.0888278323754706e+18,0.5,0.27126362603873205,286.982713785568,-15.962092572639332
,,,,287.27174416,-16.1044405616,0.508342729902966,219686206.0,,287.27174416,-16.1044405616,4.0887743385744676e+18,287.27173999999997,-16.10456,0.9,0.4302189095355647,287.2717427733333,-16.1044803744,287.27174140354,-16.104555173979996,4.0887743385744676e+18,1.0,0.26932016312855794,287.2717424993746,-16.104495334316
,,,,288.974044605,-16.7411714782,8.654828531414471e-13,219442294.0,,288.974044605,-16.7411714782,4.0878329848151373e+18,288.97404,-16.74128,0.9,0.39100089701605184,288.97404307000005,-16.74120765213333,288.97403973677,-16.741283644729997,4.0878329848151373e+18,1.0,0.27381457315629715,288.974042403354,-16.74122285065266
,,,,289.28981244,-16.8316621679,0.000594183556526714,219404735.0,,289.28981244,-16.8316621679,4.0877868740445706e+18,289.28981,-16.83178,0.9,0.4242788733073864,289.2898116266667,-16.831701445266663,289.28981118166,-16.83178015143,4.0877868740445706e+18,0.8,0.2833463371752045,289.28981153766534,-16.83171718649933
,,,,288.996360493,-17.1342517153,4.19601286367399e-17,219275512.0,,288.996360493,-17.1342517153,4.0877488335036447e+18,288.99636,-17.13436,0.9,0.38982860948118353,288.99636032866664,-17.1342878102,288.99635581569,-17.13436302908,4.0877488335036447e+18,1.0,0.2712326840255092,288.9963594260713,-17.134302853976
,,,,289.201028786,-17.273283916700002,0.583982442055999,219214374.0,,289.201028786,-17.273283916700002,4.0877325469876654e+18,289.20103,-17.2734,0.9,0.4179207174238893,289.2010291906667,-17.273322611133334,289.20102663232,-17.27339706978,4.0877325469876654e+18,1.0,0.2681953641498027,289.2010286789974,-17.273337502862667
,,,,287.175224943,-17.4308930087,0.0028835743301507603,219143535.0,,287.175224943,-17.4308930087,,,,,,287.175224943,-17.4308930087,287.17522520703,-17.43100137436,4.0875057083138007e+18,0.4,0.39011743002266186,287.1752250090075,-17.430920100115003
,,,,285.267457993,-18.5230431066,0.0008106481033993769,218591606.0,,285.267457993,-18.5230431066,,,,,,285.267457993,-18.5230431066,,,,,,285.267457993,-18.5230431066
,,,,286.471003957,-19.7564243513,,217904699.0,,286.471003957,-19.7564243513,,,,,,286.471003957,-19.7564243513,,,,,,286.471003957,-19.7564243513
,,,,289.659176194,-17.093223001600002,0.140451027892601,219293480.0,,289.659176194,-17.093223001600002,4.08476146472061e+18,289.65917,-17.093339999999998,0.9,0.4217331500188177,289.65917412933334,-17.093262001066666,289.65916796253,-17.09333793527,4.08476146472061e+18,0.9,0.2741854910314186,289.65917289597263,-17.093277187907333
,,,,289.53911915,-17.8805394205,0.351787179164853,218933140.0,,289.53911915,-17.8805394205,,,,,,289.53911915,-17.8805394205,289.53911232437,-17.88065354465,4.0846455006011054e+18,1.0,0.41151194942604313,289.5391174435925,-17.8805679515375
,,,,288.533476553,-18.0577113426,0.416702383119113,218838325.0,,288.533476553,-18.0577113426,4.0845858177386465e+18,288.53347,-18.05783,0.9,0.4277550588634972,288.5334743686667,-18.057750895066665,288.5334721514,-18.05782950935,4.0845858177386465e+18,1.0,0.28311315172852297,288.53347392521334,-18.05776661792333
,,,,290.252281596,-17.8220596468,0.048962786826843,218962506.0,,290.252281596,-17.8220596468,,,,,,290.252281596,-17.8220596468,,,,,,290.252281596,-17.8220596468
,,,,288.250270008,-18.6306414061,0.434751459456582,218533072.0,,288.250270008,-18.6306414061,4.084174462953442e+18,288.25027,-18.63075,0.9,0.3909380409445928,288.25027000533333,-18.630677604066666,288.25026891039,-18.63075472269,4.084174462953442e+18,1.0,0.2776521700705916,288.2502697863447,-18.63069302779133
,,,,287.236091792,-19.7251866303,,217922156.0,,287.236091792,-19.7251866303,,,,,,287.236091792,-19.7251866303,,,,,,287.236091792,-19.7251866303
,,,,291.37246542400004,-18.5835380356,0.400163369383116,218558797.0,,291.37246542400004,-18.5835380356,4.083614807222136e+18,291.37246,-18.58365,0.9,0.40349654881547287,291.372463616,-18.583575357066668,291.37245533866,-18.58365442942,4.083614807222136e+18,0.3,0.2860582958606516,291.372461960532,-18.583591171537336
,,,,291.77035698599997,-19.9543744994,,,,291.77035698599997,-19.9543744994,,,,,,291.77035698599997,-19.9543744994,,,,,,291.77035698599997,-19.9543744994
,,,,286.600569936,-20.2182686027,,217641839.0,,286.600569936,-20.2182686027,,,,,,286.600569936,-20.2182686027,,,,,,286.600569936,-20.2182686027
,,,,287.10720607400003,-20.0266985971,,217750833.0,,287.10720607400003,-20.0266985971,,,,,,287.10720607400003,-20.0266985971,,,,,,287.10720607400003,-20.0266985971
,,,,287.268886721,-20.4104888094,,217531906.0,,287.268886721,-20.4104888094,,,,,,287.268886721,-20.4104888094,,,,,,287.268886721,-20.4104888094
,,,,287.861526273,-20.455866113800003,,217506168.0,,287.861526273,-20.455866113800003,,,,,,287.861526273,-20.455866113800003,,,,,,287.861526273,-20.455866113800003
,,,,287.830530634,-20.880395572,,,,287.830530634,-20.880395572,,,,,,287.830530634,-20.880395572,,,,,,287.830530634,-20.880395572
,,,,285.337589517,-21.0970380369,,217142384.0,,285.337589517,-21.0970380369,,,,,,285.337589517,-21.0970380369,,,,,,285.337589517,-21.0970380369
,,,,287.82920266900004,-21.6861452103,,216809289.0,,287.82920266900004,-21.6861452103,,,,,,287.82920266900004,-21.6861452103,,,,,,287.82920266900004,-21.6861452103
,,,,289.47652792400004,-14.2467765456,0.983162700806728,,,289.47652792400004,-14.2467765456,4.185551805852891e+18,289.47652,-14.246889999999999,0.9,0.4093706214810313,289.47652528266667,-14.246814363733334,289.47652190512,-14.246891769200001,4.185551805852891e+18,1.0,0.2789087813869389,289.47652460715733,-14.246829844826667
,,,,287.278409116,-14.632847466500001,0.8402874724977191,220088372.0,,287.278409116,-14.632847466500001,4.1853253064671816e+18,287.27841,-14.63296,0.9,0.40513230167491127,287.27840941066665,-14.632884977666668,287.27840980829,-14.632962259889998,4.1853253064671816e+18,0.5,0.2782194514134745,287.27840949019134,-14.632900434111335
,,,,287.885878508,-14.704827521099999,0.9888108639214559,220076965.0,,287.885878508,-14.704827521099999,4.185288124912447e+18,287.88588,-14.704939999999999,0.9,0.4049573669144097,287.8858790053334,-14.704865014066664,287.88587611471,-14.704939332670001,4.185288124912447e+18,1.0,0.26773624050912675,287.8858784272087,-14.70487987778733
,,,,289.09131673900004,-14.7952876076,0.944990114163218,220060789.0,,289.09131673900004,-14.7952876076,4.185124714308269e+18,289.09131,-14.79541,0.9,0.4412365393385739,289.0913144926667,-14.795328405066668,289.091310241,-14.79540651028,4.185124714308269e+18,0.9,0.2815679236293826,289.0913136423334,-14.795344026109333
,,,,291.022816306,-13.9975833529,0.7146058320535681,,,291.022816306,-13.9975833529,4.184861686201347e+18,291.02281,-13.9977,0.9,0.42050689143561637,291.022814204,-13.997622235266666,291.02280739421,-13.997695493510001,4.184861686201347e+18,0.7,0.2648002580028037,291.022812842042,-13.997636886915334
,,,,286.885698739,-16.5361365979,0.86430737277313,219524528.0,,286.885698739,-16.5361365979,4.088733755406881e+18,286.8857,-16.536260000000002,0.9,0.4442688747964465,286.88569915933334,-16.536177731933336,286.88569587869,-16.53625501322,4.088733755406881e+18,0.9,0.27844290742989275,286.8856985032047,-16.53619318819067
,,,,286.28562394799997,-17.2804830625,0.947983074644548,219211152.0,,286.28562394799997,-17.2804830625,,,,,,286.28562394799997,-17.2804830625,,,,,,286.28562394799997,-17.2804830625
,,,,285.400050318,-17.6207057004,0.9714395954076479,219056592.0,,285.400050318,-17.6207057004,,,,,,285.400050318,-17.6207057004,,,,,,285.400050318,-17.6207057004
,,,,288.162953368,-18.1099034396,0.9659042914778351,218810914.0,,288.162953368,-18.1099034396,4.0872089732956856e+18,288.16295,-18.110020000000002,0.9,0.41977565694596974,288.1629522453333,-18.109942293066666,288.16295145714,-18.110018174300002,4.0872089732956856e+18,1.0,0.27318575258951666,288.16295208769463,-18.109957469313333
,,,,286.98149786700003,-19.291489093699997,0.7598752060515308,218166922.0,,286.98149786700003,-19.291489093699997,,,,,,286.98149786700003,-19.291489093699997,,,,,,286.98149786700003,-19.291489093699997
,,,,288.575242231,-18.4483279367,0.6989205578295881,218631786.0,,288.575242231,-18.4483279367,4.08455516885164e+18,288.57524,-18.448439999999998,0.9,0.4034998156303428,288.57524148733336,-18.44836529113333,288.57523961116,-18.44844313194,4.08455516885164e+18,1.0,0.28030014070879866,288.5752411120987,-18.448380859294666
,,,,288.279819326,-18.4412208349,0.9800462459381769,,,288.279819326,-18.4412208349,4.084194769558647e+18,288.27982000000003,-18.441329999999997,0.9,0.39300110083034245,288.2798195506667,-18.441257223266664,288.27981614218,-18.44133344373,4.084194769558647e+18,1.0,0.2746404647005144,288.2798188689693,-18.441272467359333
,,,,288.665508177,-18.7047745354,0.7555815184478392,218492267.0,,288.665508177,-18.7047745354,4.084126118799905e+18,288.66551,-18.70488,0.9,0.3797234436217582,288.66550878466666,-18.704809690266668,288.66550768992994,-18.70488390018,4.084126118799905e+18,0.1,0.26718176613169425,288.6655085657193,-18.704824532249336
,,,,288.435163011,-18.8263935101,0.856216907258577,218424807.0,,288.435163011,-18.8263935101,,,,,,288.435163011,-18.8263935101,288.43516398180003,-18.82651111331,4.0841191437731625e+18,0.4,0.4233844785452682,288.4351632537,-18.8264229109025
,,,,288.71970094200003,-19.0173997077,0.9053342095512609,218319383.0,,288.71970094200003,-19.0173997077,4.0840990390173107e+18,288.71969,-19.01751,0.9,0.39879496013600246,288.7196972946667,-19.0174364718,288.71969483517,-19.01751180486,4.0840990390173107e+18,0.8,0.2713281750531873,288.7196968027673,-19.017451538412
,,,,288.65642118200003,-16.5334018444,0.0407824629093035,219525582.0,,288.65642118200003,-16.5334018444,4.0880387996381604e+18,288.65642,-16.533520000000003,0.9,0.42537971991424495,288.65642078800005,-16.5334412296,,,,,,288.65642078800005,-16.5334412296
,,,,290.356256193,-15.3369138185,0.573085256760227,219932413.0,,290.356256193,-15.3369138185,4.1841179353031685e+18,290.35625,-15.33704,0.9,0.4547619557566952,290.35625412866665,-15.336955879,290.35625064232005,-15.337035117449998,4.1841179353031685e+18,0.6,0.2855150957524375,290.3562534313973,-15.336971726689999
,,,,289.093384438,-17.8024685616,0.35368917928435795,218971693.0,,289.093384438,-17.8024685616,,,,,,289.093384438,-17.8024685616,,,,,,289.093384438,-17.8024685616
,,,,288.90383064099996,-17.4353234198,0.311671802400188,219141523.0,,288.90383064099996,-17.4353234198,,,,,,288.90383064099996,-17.4353234198,288.9038213335,-17.43543213739,4.087725262729509e+18,0.7,0.3926866814169198,288.90382831412495,-17.4353505991975
,,,,289.094277352,-17.8046896349,0.47304645731635203,218970657.0,,289.094277352,-17.8046896349,4.084605810804089e+18,289.09427,-17.80481,0.9,0.4340464845897557,289.09427490133334,-17.8047297566,,,,,,289.09427490133334,-17.8047297566
,,,,289.152303037,-17.489697710799998,0.0309727332632411,219116695.0,,289.152303037,-17.489697710799998,,,,,,289.152303037,-17.489697710799998,,,,,,289.152303037,-17.489697710799998
,,,,289.702010552,-15.3751443399,0.10473772050037401,219921917.0,,289.702010552,-15.3751443399,,,,,,289.702010552,-15.3751443399,,,,,,289.702010552,-15.375144339899999
,,,,288.282831073,-16.3605835523,0.0857812537543942,219591874.0,,288.282831073,-16.3605835523,,,,,,288.282831073,-16.3605835523,,,,,,288.282831073,-16.3605835523
,,,,288.439194919,-15.748093716,0.13035785360636598,219808486.0,,288.439194919,-15.748093716,,,,,,288.439194919,-15.748093716,,,,,,288.439194919,-15.748093716
,,,,289.102711241791,-15.562342089007899,0.00011742593542971,,,289.102711241791,-15.562342089007899,,,,,,289.102711241791,-15.562342089007899,,,,,,289.102711241791,-15.562342089007899
,,,,289.17061576,-15.1710477279,0.10410673747983501,219976654.0,,289.17061576,-15.1710477279,,,,,,289.17061576,-15.1710477279,,,,,,289.17061576,-15.171047727899998
,,,,288.56420021599996,-15.254088812400001,0.43332721229192295,219954989.0,,288.56420021599996,-15.254088812400001,,,,,,288.56420021599996,-15.254088812400001,,,,,,288.56420021599996,-15.254088812400001
,,,,290.046509355,-15.733965831199999,0.974024418529861,219813010.0,,290.046509355,-15.733965831199999,4.184063857381714e+18,290.0465,-15.734079999999999,0.9,0.41228402534584135,290.04650623666663,-15.734003887466665,,,,,,290.04650623666663,-15.734003887466665
,,,,289.39757932099997,-16.9994705488,0.953569958451577,219333882.0,,289.39757932099997,-16.9994705488,,,,,,289.39757932099997,-16.9994705488,289.39757102624003,-16.99958104786,4.0877690756998523e+18,0.7,0.39882028125549535,289.39757724731,-16.999498173565
,,,,287.707551965,-17.0296674796,0.956477050921417,219320849.0,,287.707551965,-17.0296674796,,,,,,287.707551965,-17.0296674796,,,,,,287.707551965,-17.0296674796
,,,,289.205734689,-16.1028363518,0.809726680860904,219686767.0,,289.205734689,-16.1028363518,4.184135080816938e+18,289.20572999999996,-16.10295,0.9,0.4094548375164107,289.205733126,-16.102874234533335,,,,,,289.205733126,-16.102874234533335
,,,,289.294535234,-16.5756041257,0.839851736766694,219509101.0,,289.294535234,-16.5756041257,,,,,,289.294535234,-16.5756041257,,,,,,289.294535234,-16.5756041257
,,,,289.090447364,-16.2980851399,0.890547205500787,219615117.0,,289.090447364,-16.2980851399,4.183938268233045e+18,289.09044,-16.2982,0.9,0.41427851863002374,289.09044490933337,-16.2981234266,,,,,,289.09044490933337,-16.2981234266
,,,,289.093050533,-16.4640765699,0.951250467348827,219552514.0,,289.093050533,-16.4640765699,,,,,,289.093050533,-16.4640765699,,,,,,289.093050533,-16.4640765699
,,,,288.657963574,-15.306645551099999,0.5477718174061921,219940830.0,,288.657963574,-15.306645551099999,4.185006173212505e+18,288.65796,-15.30676,0.9,0.4122028929310733,288.65796238266665,-15.306683700733332,288.65796076558,-15.30676184401,4.185006173212505e+18,1.0,0.2813718275302323,288.65796205924937,-15.306699329388668
,,,,289.52234452700003,-15.3061724307,0.457885052805594,219940952.0,,289.52234452700003,-15.3061724307,4.184292143485406e+18,289.52234,-15.306289999999999,0.9,0.42354127657091845,289.522343018,-15.306211620466668,289.52234048422997,-15.306290221440001,4.184292143485406e+18,1.0,0.28310024673580597,289.522342511246,-15.306227340661334
,,,,288.658949828,-15.982700825799999,7.313986495237515e-296,229228368.0,,288.658949828,-15.982700825799999,4.18419607364488e+18,288.65894,-15.982820000000002,0.9,0.43037328384155216,288.65894655200003,-15.982740550533334,,,,,,288.65894655200003,-15.982740550533334
,,,,289.50704394,-15.832171767,2.4802831998246383e-235,,,289.50704394,-15.832171767,,,,,,289.50704394,-15.832171767,,,,,,289.50704394,-15.832171767
,,,,288.765300756,-16.0613990437,2.897024657319008e-296,229228367.0,,288.765300756,-16.0613990437,4.1841480730895063e+18,288.7653,-16.061510000000002,0.9,0.3994512420060175,288.765300504,-16.061436029133333,,,,,,288.765300504,-16.061436029133333
,,,,289.684405357,-15.898779281700001,9.004998987994645e-296,,,289.684405357,-15.898779281700001,4.1839780611109105e+18,289.68441,-15.8989,0.9,0.43488309438151357,289.6844069046667,-15.898819521133333,,,,,,289.6844069046667,-15.898819521133333
,,,,289.057213198,-16.3369018942,2.6013645657107085e-295,229228366.0,,289.057213198,-16.3369018942,4.18393768841358e+18,289.05721,-16.337020000000003,0.9,0.425324391647187,289.05721213199996,-16.3369412628,,,,,,289.05721213199996,-16.3369412628
,,,,289.40343935,-16.3339880404,3.2513933325489185e-295,229228365.0,,289.40343935,-16.3339880404,4.183928888026931e+18,289.40344,-16.33411,0.9,0.4390603024119605,289.4034395666667,-16.3340286936,,,,,,289.4034395666667,-16.3340286936
,,,,289.649639764,-16.3583331337,1.6178976385314987e-297,,,289.649639764,-16.3583331337,4.183926006112673e+18,289.64963,-16.35845,0.9,0.42206841841599935,289.64963650933333,-16.358372089133336,,,,,,289.64963650933333,-16.358372089133336
,,,,289.24891975400004,-16.5224466517,6.348544801311696e-295,229228338.0,,289.24891975400004,-16.5224466517,4.183919237232621e+18,289.24892,-16.522560000000002,0.9,0.40805476328031864,289.248919836,-16.522484434466666,,,,,,289.248919836,-16.522484434466666
,,,,289.742589802,-16.8059720653,5.340491221875296e-296,,,289.742589802,-16.8059720653,4.183847562828165e+18,289.74258,-16.80609,0.9,0.42590663663991557,289.74258653466666,-16.806011376866667,,,,,,289.74258653466666,-16.806011376866667
,,,,288.218618236,-16.2430986699,1.4642984122672392e-295,,,288.218618236,-16.2430986699,4.088108859141437e+18,288.21861,-16.24322,0.9,0.4377149636481596,288.21861549066665,-16.24313911326667,,,,,,288.21861549066665,-16.24313911326667
,,,,289.12251136599997,-16.4966851352,0.13912426181212303,219539914.0,,289.12251136599997,-16.4966851352,4.087855146846199e+18,289.1225,-16.4968,0.9,0.4153702946258547,289.12250757733335,-16.496723423466666,289.12250433821,-16.49680466966,4.087855146846199e+18,0.6,0.2926999221393292,289.12250692950863,-16.49673967270533
,,,,288.89075029,-16.880335381600002,3.493082650114138e-295,,,288.89075029,-16.880335381600002,4.08780683274552e+18,288.89074,-16.88045,0.9,0.414146069058155,288.89074686000004,-16.880373587733335,,,,,,288.89074686000004,-16.880373587733335
,,,,288.22001173,-17.0294971935,0.666507005965374,219320914.0,,288.22001173,-17.0294971935,4.0877196320406984e+18,288.22001,-17.02961,0.9,0.4061470578971045,288.22001115333336,-17.029534795666667,288.22000877966,-17.02961110041,4.0877196320406984e+18,1.0,0.2748185609047192,288.22001067859867,-17.029550056615335
,,,,288.39705717,-14.9822918573,0.957272278521144,220022036.0,,288.39705717,-14.9822918573,4.185077881988637e+18,288.39705,-14.98241,0.9,0.4260440017324545,288.39705477999996,-14.982331238199999,288.3970544613,-14.982411989989998,4.185077881988637e+18,0.9,0.29070855671829615,288.39705471625996,-14.982347388557997
,,,,288.543699335,-15.296842198399998,0.989157618823037,219943462.0,,288.543699335,-15.296842198399998,4.1850096435459584e+18,288.5437,-15.29695,0.9,0.3880926299915912,288.5436995566667,-15.296878132266665,288.54369505482003,-15.296953198870002,4.1850096435459584e+18,0.8,0.2706915376746639,288.54369865629735,-15.296893145587333
,,,,288.461358129,-15.3715572941,0.9773042686969841,219922905.0,,288.461358129,-15.3715572941,4.184985454289203e+18,288.46135,-15.371670000000002,0.9,0.40672125874138915,288.46135541933336,-15.371594862733334,288.46135437086,-15.371674074349999,4.184985454289203e+18,1.0,0.28518504410830936,288.4613552096387,-15.371610705056668
,,,,288.577309916,-15.3760271445,0.852736918497113,219921653.0,,288.577309916,-15.3760271445,,,,,,288.577309916,-15.3760271445,288.57730776381,-15.3761361927,4.184981983955511e+18,0.8,0.3926445948247684,288.5773093779525,-15.37605440655
,,,,288.504235645,-15.4846174968,0.988845629769347,219890186.0,,288.504235645,-15.4846174968,4.1849794069750943e+18,288.50423,-15.484729999999999,0.9,0.4054847445831623,288.50423376333333,-15.484654997866665,288.50423283644,-15.484733516320002,4.1849794069750943e+18,1.0,0.28268472276256945,288.50423357795466,-15.48467070155733
,,,,289.479391896,-15.0439818615,0.9896496803360408,220007832.0,,289.479391896,-15.0439818615,4.1843531663818353e+18,289.47938999999997,-15.0441,0.9,0.42534967870782714,289.47939126399996,-15.044021241000001,289.47938652617,-15.044099522309999,4.1843531663818353e+18,1.0,0.2822936784850533,289.479390316434,-15.044036897262
,,,,289.510145247,-15.181003105599999,0.9364758429888002,219974119.0,,289.510145247,-15.181003105599999,4.1843459508366316e+18,289.51014,-15.181120000000002,0.9,0.4212145196775749,289.510143498,-15.181042070399998,289.51014212737005,-15.18112273174,4.1843459508366316e+18,0.9,0.29041986902510597,289.510143223874,-15.181058202667998
,,,,289.604584431,-15.4669627449,0.8679114926061758,219895402.0,,289.604584431,-15.4669627449,,,,,,289.604584431,-15.4669627449,289.60457893375,-15.467083655120001,4.1842860618115087e+18,0.7,0.43569447967873226,289.6045830566875,-15.466992972455
,,,,288.976450549,-15.252817206800001,0.9375853044121178,219955334.0,,288.976450549,-15.252817206800001,4.1842625941131023e+18,288.97645,-15.252939999999999,0.9,0.4420596323639988,288.976450366,-15.252858137866667,288.97644843014,-15.25293531658,4.1842625941131023e+18,0.9,0.27792470917371076,288.976449978828,-15.252873573609332
,,,,289.001110399,-15.2681017775,0.7798129786666942,219951217.0,,289.001110399,-15.2681017775,4.184259570456114e+18,289.0011,-15.26821,0.9,0.39127130674583865,289.0011069326667,-15.268137851666665,289.00110224667003,-15.268212289389998,4.184259570456114e+18,0.8,0.268469513526399,289.00110599546736,-15.268152739211331
,,,,289.128656399,-15.5601187468,0.9864379513641559,219867488.0,,289.128656399,-15.5601187468,,,,,,289.128656399,-15.5601187468,289.12865289542003,-15.5602320453,4.184234041170642e+18,1.0,0.40805554375216496,289.12865552310507,-15.560147071425
,,,,288.81532938099997,-15.5752605533,0.9716083371887628,219862841.0,,288.81532938099997,-15.5752605533,4.1842133909667185e+18,288.81532000000004,-15.575370000000001,0.9,0.3953488255899373,288.815326254,-15.575297035533334,288.81532444757005,-15.57536978418,4.1842133909667185e+18,1.0,0.2619700365174674,288.815325892714,-15.575311585262668
,,,,289.582452516,-15.6355198991,0.967353075276763,219844369.0,,289.582452516,-15.6355198991,4.1841768278989414e+18,289.58245,-15.635629999999999,0.9,0.39645920187508393,289.5824516773333,-15.6355565994,,,,,,289.5824516773333,-15.6355565994
,,,,289.36525311599996,-15.804573380799999,0.9792027311422479,219789839.0,,289.36525311599996,-15.804573380799999,4.1841679287234053e+18,289.36525,-15.804689999999999,0.9,0.4199678443231887,289.3652520773333,-15.804612253866665,289.36525101747003,-15.80468731804,4.1841679287234053e+18,0.9,0.2702559611371491,289.3652518653606,-15.804627266701331
,,,,289.102571382,-16.0927301724,0.9953402176030809,219690421.0,,289.102571382,-16.0927301724,4.184135806675835e+18,289.10257,-16.09284,0.9,0.39540825615715824,289.1025709213333,-16.0927667816,289.102568485,-16.09284492155,4.184135806675835e+18,1.0,0.2814300184298534,289.10257043406665,-16.09278240959
,,,,289.16897021,-16.1252804806,0.96077746821603,219678694.0,,289.16897021,-16.1252804806,4.1841347715789496e+18,289.16897,-16.12539,0.9,0.3942705088834334,289.16897014,-16.125316987066668,289.16896552521,-16.12539489683,4.1841347715789496e+18,1.0,0.28092884873462054,289.168969217042,-16.125332569019335
,,,,288.909076935,-16.1856500273,0.9909547961459542,219656722.0,,288.909076935,-16.1856500273,4.184130820203725e+18,288.90907000000004,-16.185760000000002,0.9,0.39662708057390744,288.9090746233333,-16.185686684866667,288.90907221503,-16.185764924689998,4.184130820203725e+18,0.9,0.2817864030872991,288.90907414167265,-16.185702332831333
,,,,289.108677343,-16.1843736607,0.939676710135252,219657205.0,,289.108677343,-16.1843736607,4.184128586826044e+18,289.10867,-16.18449,0.9,0.4195902057172577,289.1086748953333,-16.18441244046667,289.10867062578,-16.184486710959998,4.184128586826044e+18,1.0,0.2677809378862879,289.10867404142266,-16.184427294565335
,,,,289.076580461,-16.2118060371,0.9892452060804279,219647105.0,,289.076580461,-16.2118060371,4.1841281444540954e+18,289.07658,-16.211920000000003,0.9,0.4102695350397602,289.07658030733336,-16.211844024733335,289.07657666759997,-16.21192057827,4.1841281444540954e+18,1.0,0.2758797942328,289.0765795793867,-16.211859335440668
,,,,290.256524179,-15.4330021941,0.9700528467701371,219905283.0,,290.256524179,-15.4330021941,4.184111239462279e+18,290.25652,-15.43312,0.9,0.4243491106537801,290.256522786,-15.433041462733334,290.2565172439,-15.43311692457,4.184111239462279e+18,1.0,0.27234252360600664,290.25652167758,-15.433056555100666
,,,,289.86436748200003,-15.7104238031,0.8456195253138541,219820535.0,,289.86436748200003,-15.7104238031,4.1840793536238623e+18,289.86436000000003,-15.71054,0.9,0.4191116756203296,289.86436498800003,-15.7104625354,289.86436116574,-15.710543651970001,4.1840793536238623e+18,0.9,0.29231992058636413,289.864364223548,-15.710478758714
,,,,289.461480308,-16.1113131485,0.991663906868826,219683737.0,,289.461480308,-16.1113131485,4.183968401721906e+18,289.46148,-16.11143,0.9,0.4206667487616481,289.4614802053333,-16.111352098999998,289.46147691491,-16.11143073461,4.183968401721906e+18,1.0,0.28331684996579154,289.46147954724864,-16.111367826122
,,,,289.82617280200003,-15.921234666099998,0.821692260987808,219750642.0,,289.82617280200003,-15.921234666099998,4.183966546297462e+18,289.82617,-15.92135,0.9,0.4153153366642283,289.826171868,-15.921273110733333,289.82616501527,-15.92135361947,4.183966546297462e+18,0.8,0.2908007460932042,289.82617049745403,-15.921289212480668
,,,,289.801545038,-16.1782758292,0.978320494783451,219659424.0,,289.801545038,-16.1782758292,4.183952669270076e+18,289.80154,-16.17839,0.9,0.4113838086784403,289.8015433586666,-16.178313886133335,289.80153876968,-16.17839231818,4.183952669270076e+18,1.0,0.28280079190413143,289.8015424408693,-16.17832957254267
,,,,289.707809644,-16.2545515601,0.9836022759700941,219631486.0,,289.707809644,-16.2545515601,4.1839505346628316e+18,289.70781,-16.25467,0.9,0.42638541517325185,289.70780976266667,-16.254591040066668,289.70780542063,-16.254670677060002,4.1839505346628316e+18,1.0,0.2870856533240278,289.7078088942593,-16.254606967465335
,,,,289.266391994,-16.1352567782,0.9515998174623149,219675090.0,,289.266391994,-16.1352567782,4.1839471029919406e+18,289.26639,-16.13537,0.9,0.4076568049277935,289.2663913293333,-16.1352945188,289.26638563275003,-16.135371081189998,4.1839471029919406e+18,1.0,0.27632771631510655,289.2663901900167,-16.135309831278
,,,,289.18315197,-16.2927910565,0.992619225371408,219616992.0,,289.18315197,-16.2927910565,4.1839388523475907e+18,289.18315,-16.2929,0.9,0.39225567025023,289.1831513133333,-16.292827371,289.18314949117996,-16.29290422105,4.1839388523475907e+18,1.0,0.2767318174134042,289.18315094890266,-16.292842741010002
,,,,289.041703261,-16.312010619000002,0.936231874700196,219609927.0,,289.041703261,-16.312010619000002,4.183937963301559e+18,289.0417,-16.31212,0.9,0.39393275957337615,289.041702174,-16.312047079333336,289.04170064106,-16.31212309632,4.183937963301559e+18,1.0,0.27371240086930726,289.04170186741203,-16.312062282730672
,,,,289.137396454,-16.3590364553,0.993242754612014,219592407.0,,289.137396454,-16.3590364553,4.183934046291267e+18,289.13739,-16.35915,0.9,0.4093684178924168,289.1373943026667,-16.359074303533333,289.13739257352,-16.35915381999,4.183934046291267e+18,1.0,0.2863215508154869,289.13739395683734,-16.359090206824668
,,,,289.173774191,-16.3643194818,0.92277792823854,219590415.0,,289.173774191,-16.3643194818,4.1839339088522834e+18,289.17377,-16.36444,0.9,0.4341069630204775,289.173772794,-16.36435965453333,289.17376915301,-16.36443512149,4.1839339088522834e+18,1.0,0.27197198328732286,289.173772065802,-16.364374747924664
,,,,289.13454215900003,-16.4180553517,0.759374284139208,219570023.0,,289.13454215900003,-16.4180553517,,,,,,289.13454215900003,-16.4180553517,289.13453869621003,-16.41817097996,4.183933256017242e+18,1.0,0.4164334524604844,289.1345412933025,-16.418084258765
,,,,289.50665588,-16.3834675375,0.839255443990503,219583146.0,,289.50665588,-16.3834675375,4.183924975308561e+18,289.50665,-16.38358,0.9,0.40537402780477183,289.50665391999996,-16.383505025,,,,,,289.50665391999996,-16.383505025
,,,,289.249697045,-16.4215560055,0.986488711968295,219568666.0,,289.249697045,-16.4215560055,4.1839209895905587e+18,289.24969,-16.421670000000002,0.9,0.41110063469338265,289.24969469666667,-16.42159400366667,289.2496939548,-16.42166906508,4.1839209895905587e+18,1.0,0.2702332309030534,289.24969454829335,-16.421609015949336
,,,,289.26955110000006,-16.4385419799,0.9794578735189972,219562274.0,,289.26955110000006,-16.4385419799,4.1839207147126267e+18,289.26955,-16.438660000000002,0.9,0.4248893362890215,289.26955073333335,-16.438581319933334,289.26954603284,-16.43865500188,4.1839207147126267e+18,1.0,0.2657510762125268,289.26954979323466,-16.438596056322666
,,,,289.953361469,-16.1463281528,0.9757866487714909,219671042.0,,289.953361469,-16.1463281528,4.1839117768741325e+18,289.95335,-16.14644,0.9,0.4045983860368168,289.95335764600003,-16.1463654352,289.95335415676004,-16.14644320066,4.1839117768741325e+18,1.0,0.2802155460626798,289.953356948152,-16.146380988292
,,,,289.983828452,-16.1610723547,0.9541007816717209,219665690.0,,289.983828452,-16.1610723547,4.183911059625672e+18,289.98382000000004,-16.161189999999998,0.9,0.4245301970793191,289.9838256346667,-16.1611115698,289.98382153736,-16.161188393760003,4.183911059625672e+18,1.0,0.2769288888794221,289.98382481520537,-16.161126934591998
,,,,289.460254374,-16.6239111852,0.9682006208485749,219489683.0,,289.460254374,-16.6239111852,4.183867079159885e+18,289.46025,-16.62402,0.9,0.392023746573278,289.460252916,-16.6239474568,289.46024900462004,-16.62402332999,4.183867079159885e+18,1.0,0.2734765224979463,289.460252133724,-16.623962631437998
,,,,289.592436346,-16.7897976822,0.9769196490269549,219422386.0,,289.592436346,-16.7897976822,4.1838501054489206e+18,289.59243,-16.78991,0.9,0.404935188156106,289.59243423066664,-16.789835121466666,289.59243361525,-16.78991209294,4.1838501054489206e+18,1.0,0.27710542174282354,289.5924341075833,-16.789850515761334
,,,,290.128322905,-16.5685295727,0.9642439172708729,219511917.0,,290.128322905,-16.5685295727,4.180879018872069e+18,290.12832000000003,-16.56864,0.9,0.3976646326983985,290.1283219366667,-16.5685663818,290.12832060473,-16.56864428859,4.180879018872069e+18,0.9,0.2805020970732798,290.1283216702794,-16.568581963158
,,,,289.895566843,-16.7979961823,0.923886075398338,219419008.0,,289.895566843,-16.7979961823,4.1808503972089626e+18,289.89556,-16.79811,0.9,0.4104218598464602,289.89556456199995,-16.798034121533334,289.89555944448995,-16.798109772,4.1808503972089626e+18,1.0,0.2729121677055468,289.8955635384979,-16.79804925162667
,,,,288.433536292,-15.9354011064,0.991523883395391,219745741.0,,288.433536292,-15.9354011064,4.0881241148812227e+18,288.43352999999996,-15.93551,0.9,0.3926215709966592,288.43353419466666,-15.935437404266667,288.43353169520003,-15.93551363106,4.0881241148812227e+18,0.8,0.2745528247353782,288.43353369477336,-15.935452649625333
,,,,288.383965768,-16.286689314100002,0.9912852348591759,219619241.0,,288.383965768,-16.286689314100002,4.0880608929604214e+18,288.38396,-16.28681,0.9,0.4349261841664139,288.3839638453333,-16.286729542733337,288.38396364003995,-16.28680727961,4.0880608929604214e+18,1.0,0.2798536551039592,288.3839638042747,-16.28674509010867
,,,,288.379554159,-16.311150826800002,0.9783032649631991,219610232.0,,288.379554159,-16.311150826800002,,,,,,288.379554159,-16.311150826800002,288.37955155349,-16.311264108870002,4.0880606868022354e+18,1.0,0.4079148003120364,288.3795535076225,-16.311179147317503
,,,,288.532381618,-16.3257968515,0.9780163179044878,219604743.0,,288.532381618,-16.3257968515,,,,,,288.532381618,-16.3257968515,,,,,,288.532381618,-16.3257968515
,,,,288.54984660400004,-16.3608123786,0.938773521181428,219591752.0,,288.54984660400004,-16.3608123786,4.088057212156822e+18,288.54984,-16.36093,0.9,0.42405105846669827,288.5498444026667,-16.360851585733332,288.54983899993,-16.3609280666,4.088057212156822e+18,0.8,0.2759628698872025,288.54984332211933,-16.360866881906666
,,,,288.668728622,-16.3095608594,0.990431017126831,219610822.0,,288.668728622,-16.3095608594,4.0880517833185756e+18,288.66873,-16.30967,0.9,0.39293500641832957,288.6687290813333,-16.3095972396,288.66872538820996,-16.3096731401,4.0880517833185756e+18,1.0,0.2735395847571278,288.6687283427086,-16.3096124197
,,,,288.479036686,-16.4820675064,0.968720879752436,219545563.0,,288.479036686,-16.4820675064,4.0880428884573225e+18,288.47904,-16.48218,0.9,0.40513851381789784,288.4790377906666,-16.482105004266668,288.47903551342,-16.48218213409,4.0880428884573225e+18,1.0,0.27777862355428395,288.4790373352173,-16.482120430231333
,,,,288.157752285,-16.4677250807,0.9950169460396999,219551103.0,,288.157752285,-16.4677250807,4.088034161083428e+18,288.15775,-16.46784,0.9,0.41378468225171905,288.1577515233334,-16.46776338713333,288.15774958834,-16.46783841011,4.088034161083428e+18,1.0,0.2701653177458107,288.1577511363347,-16.467778391728665
,,,,287.84712110099997,-17.1569327547,0.974584736988286,219265672.0,,287.84712110099997,-17.1569327547,4.087900875348738e+18,287.84712,-17.15705,0.9,0.42210007043146824,287.847120734,-17.156971836466667,287.84711991327003,-17.15704645669,4.087900875348738e+18,1.0,0.2686476382616519,287.847120569854,-17.156986760511334
,,,,289.024084461,-16.4896870138,0.994831088505586,219542557.0,,289.024084461,-16.4896870138,4.0878559027604787e+18,289.02407999999997,-16.4898,0.9,0.4070417108901469,289.024082974,-16.48972467586667,289.02407998646,-16.48979907434,4.0878559027604787e+18,1.0,0.26803297402835113,289.024082376492,-16.489739555561336
,,,,288.883327421,-16.5763550114,0.9884321799892901,,,288.883327421,-16.5763550114,4.087850783153647e+18,288.88332,-16.57647,0.9,0.4147501079967993,288.88332494733334,-16.576393340933333,288.8833227291,-16.5764658838,4.087850783153647e+18,1.0,0.26126645182886876,288.88332450368665,-16.576407849506666
,,,,288.897211067,-16.5699361402,0.9888782866384108,219511354.0,,288.897211067,-16.5699361402,,,,,,288.897211067,-16.5699361402,288.89720891973997,-16.57005248553,4.087847862581713e+18,1.0,0.41890871461773804,288.897210530185,-16.5699652265325
,,,,289.207323848,-16.6493851644,0.9772879401742759,219479319.0,,289.207323848,-16.6493851644,4.087838104415874e+18,289.20732000000004,-16.6495,0.9,0.413621147351586,289.2073225653333,-16.649423442933337,289.20732099771,-16.64949802414,4.087838104415874e+18,1.0,0.2685467794780458,289.20732225180865,-16.64943835917467
,,,,288.641714309,-16.691551015599998,0.98808441434166,219462497.0,,288.641714309,-16.691551015599998,4.087825563110797e+18,288.64171,-16.691670000000002,0.9,0.42860147988439246,288.6417128726667,-16.691590677066667,288.64170902598,-16.69166634252,4.087825563110797e+18,1.0,0.2727184066333177,288.6417121033293,-16.691605810157334
,,,,288.69087331,-16.6979252555,0.982793638704978,219459916.0,,288.69087331,-16.6979252555,4.087824704117287e+18,288.69087,-16.69804,0.9,0.4132378496373291,288.69087220666665,-16.697963503666667,288.69087175977,-16.6980402976,4.087824704117287e+18,1.0,0.27646245472734277,288.6908721172873,-16.697978862453333
,,,,288.555415905,-16.9683117295,0.9832951062643441,219347353.0,,288.555415905,-16.9683117295,,,,,,288.555415905,-16.9683117295,288.55541160721003,-16.96842430649,4.0878109602217897e+18,0.9,0.4055472534645267,288.55541483055254,-16.968339873747503
,,,,288.833747696,-17.08438948,0.922439576808145,219297228.0,,288.833747696,-17.08438948,4.0877996558674545e+18,288.83374,-17.0845,0.9,0.39875240342887414,288.8337451306666,-17.08442632,288.83374127289,-17.08449859825,4.0877996558674545e+18,1.0,0.2605401206215161,288.8337443591113,-17.084440775650002
,,,,289.371722943,-16.746576303599998,0.9924014513942421,219440051.0,,289.371722943,-16.746576303599998,4.087789141787177e+18,289.37172000000004,-16.74669,0.9,0.40943275796101053,289.37172196200004,-16.7466142024,289.37171610146,-16.74668915464,4.087789141787177e+18,1.0,0.2705833533061472,289.37172078989204,-16.746629192847998
,,,,289.379186317,-16.9544386995,0.993289777935545,219353203.0,,289.379186317,-16.9544386995,,,,,,289.379186317,-16.9544386995,289.37918015536,-16.95455266106,4.0877702396216407e+18,1.0,0.41080991808703116,289.37918477659,-16.954467189889996
,,,,289.362752533,-17.0631210253,0.9880875568954742,219306354.0,,289.362752533,-17.0631210253,4.0877623712405576e+18,289.36275,-17.063229999999997,0.9,0.3924057617845114,289.36275168866666,-17.063157350199997,289.36274735765,-17.0632315251,4.0877623712405576e+18,1.0,0.2674453175048751,289.36275082246334,-17.063172185179997
,,,,288.710108433,-17.2821137472,0.9804171622477479,219210446.0,,288.710108433,-17.2821137472,4.087742824859102e+18,288.7101,-17.28223,0.9,0.41951281599987406,288.710105622,-17.282152498133332,288.71010285762003,-17.28222732905,4.087742824859102e+18,1.0,0.26955884254143997,288.71010506912404,-17.282167464316665
,,,,289.007101152,-17.2657663337,0.99324645983746,219217706.0,,289.007101152,-17.2657663337,4.087735025198194e+18,289.00709,-17.26588,0.9,0.4109907160246983,289.0070974346667,-17.265804222466667,289.00709491724,-17.26588164045,4.087735025198194e+18,1.0,0.2788390752348086,289.00709693118137,-17.265819706063333
,,,,288.40590332,-17.1239524092,0.9224615595522628,219280168.0,,288.40590332,-17.1239524092,4.087714409360277e+18,288.4059,-17.12406,0.9,0.3874952616812405,288.4059022133333,-17.123988272800002,288.40590001525004,-17.1240621822,4.087714409360277e+18,0.7,0.26618128567915483,288.40590177371666,-17.124003054680003
,,,,288.68263046,-17.6618961531,0.9944109628289659,219037489.0,,288.68263046,-17.6618961531,4.087622153460553e+18,288.68262999999996,-17.662010000000002,0.9,0.40985187758315983,288.6826303066666,-17.661934102066667,288.68262814679,-17.66201178671,4.087622153460553e+18,1.0,0.2797628410514784,288.6826298746913,-17.66194963899533
,,,,289.432104135,-17.3299970473,0.97196459826996,219189038.0,,289.432104135,-17.3299970473,4.084751706554608e+18,289.4321,-17.33011,0.9,0.4068779426948464,289.43210275666667,-17.3300346982,289.4320994172,-17.3301071123,4.084751706554608e+18,1.0,0.26094324777406325,289.4321020887734,-17.330049181019998
,,,,,,,,,,,4.180547717973651e+18,291.01432,-17.65231,0.9,,291.01432,-17.65231,,,,,,291.01432,-17.65231
,,,,,,,,,,,4.1805521503796137e+18,290.93104,-17.570520000000002,0.9,,290.93104,-17.570520000000002,,,,,,290.93104,-17.570520000000002
,,,,,,,,,,,4.0870678578522235e+18,287.43647999999996,-18.78041,0.9,,287.43647999999996,-18.78041,,,,,,287.43647999999996,-18.78041
,,,,,,,,,,,4.0870880313195904e+18,286.57108999999997,-19.0531,0.9,,286.57108999999997,-19.0531,,,,,,286.57108999999997,-19.0531
,,,,,,,,,,,4.087071091979097e+18,287.05029,-18.905620000000003,0.9,,287.05029,-18.905620000000003,,,,,,287.05029,-18.905620000000003
,,,,,,,,,,,4.087083010501854e+18,287.11921,-18.71055,0.9,,287.11921,-18.71055,,,,,,287.11921,-18.71055
,,,,,,,,,,,4.1853284976091295e+18,287.22655,-14.60552,0.9,,287.22655,-14.60552,,,,,,287.22655,-14.60552
,,,,,,,,,,,4.1840590083551754e+18,290.12892999999997,-15.85624,0.9,,290.12892999999997,-15.85624,,,,,,290.12892999999997,-15.85624
,,,,,,,,,,,4.184970503493068e+18,288.33431,-15.66588,0.9,,288.33431,-15.66588,,,,,,288.33431,-15.66588
,,,,,,,,,,,4.084571764594134e+18,288.44937000000004,-18.319670000000002,0.9,,288.44937000000004,-18.319670000000002,,,,,,288.44937000000004,-18.319670000000002
,,,,,,,,,,,4.179856331312082e+18,291.85832999999997,-17.58296,0.9,,291.85832999999997,-17.58296,,,,,,291.85832999999997,-17.58296
,,,,,,,,,,,4.1974488996242877e+18,286.26853,-13.83794,0.9,,286.26853,-13.83794,,,,,,286.26853,-13.83794
,,,,,,,,,,,4.180633449810081e+18,291.61506,-17.12669,0.9,,291.61506,-17.12669,,,,,,291.61506,-17.12669
,,,,,,,,,,,4.084718927353313e+18,289.18989,-17.53536,0.9,,289.18989,-17.53536,,,,,,289.18989,-17.53536
,,,,,,,,,,,4.0877311038830377e+18,289.14987,-17.314989999999998,0.9,,289.14987,-17.314989999999998,,,,,,289.14987,-17.314989999999998
,,,,,,,,,,,4.1813187504973553e+18,291.72145,-16.11078,0.9,,291.72145,-16.11078,,,,,,291.72145,-16.11078
,,,,,,,,,,,4.089143808817741e+18,287.12113,-15.33828,0.9,,287.12113,-15.33828,,,,,,287.12113,-15.33828
,,,,,,,,,,,4.0879787001623327e+18,287.88467,-16.60905,0.9,,287.88467,-16.60905,,,,,,287.88467,-16.60905
,,,,,,,,,,,4.08796560909417e+18,287.16736000000003,-16.738970000000002,0.9,,287.16736000000003,-16.738970000000002,,,,,,287.16736000000003,-16.738970000000002
,,,,,,,,,,,4.0880140949791887e+18,288.53836,-16.6491,0.9,,288.53836,-16.6491,,,,,,288.53836,-16.6491
,,,,,,,,,,,4.088060819936392e+18,288.40406,-16.30367,0.9,,288.40406,-16.30367,,,,,,288.40406,-16.30367
,,,,,,,,,,,4.0872257795207035e+18,287.94028,-18.02016,0.9,,287.94028,-18.02016,,,,,,287.94028,-18.02016
,,,,,,,,,,,4.1848804122560445e+18,291.65195,-13.80073,0.9,,291.65195,-13.80073,,,,,,291.65195,-13.80073
,,,,,,,,,,,4.1848568801311913e+18,291.07747,-14.092139999999999,0.9,,291.07747,-14.092139999999999,,,,,,291.07747,-14.092139999999999
,,,,,,,,,,,4.0879197732064236e+18,287.62172000000004,-16.95658,0.9,,287.62172000000004,-16.95658,287.62172166074,-16.956577213499997,4.0879197732064236e+18,0.6,0.011546993551750458,287.62172055358,-16.956579071166665
,,,,,,,,,,,4.0879488458465014e+18,287.36859,-16.84824,0.9,,287.36859,-16.84824,,,,,,287.36859,-16.84824
,,,,,,,,,,,4.180917875430158e+18,291.2568,-16.48884,0.9,,291.2568,-16.48884,,,,,,291.2568,-16.48884
,,,,,,,,,,,4.0878504052021356e+18,288.79128,-16.60753,0.9,,288.79128,-16.60753,288.79127542354,-16.607531961560003,4.0878504052021356e+18,0.7,0.017295290421054085,288.7912784745133,-16.607530653853335
,,,,,,,,,,,4.087858681592239e+18,288.85982,-16.45399,0.9,,288.85982,-16.45399,,,,,,288.85982,-16.45399
,,,,,,,,,,,4.0878248071965455e+18,288.5869,-16.749010000000002,0.9,,288.5869,-16.749010000000002,288.58690181091,-16.74901180775,4.0878248071965455e+18,0.8,0.009017988683811136,288.58690060363665,-16.749010602583336
,,,,,,,,,,,4.0878519470865756e+18,288.81689,-16.522170000000003,0.9,,288.81689,-16.522170000000003,,,,,,288.81689,-16.522170000000003
,,,,,,,,,,,4.1852213682546217e+18,288.96862000000004,-14.319410000000001,0.9,,288.96862000000004,-14.319410000000001,,,,,,288.96862000000004,-14.319410000000001
,,,,,,,,,,,4.0877600691402383e+18,289.26248,-17.162779999999998,0.9,,289.26248,-17.162779999999998,,,,,,289.26248,-17.162779999999998
,,,,,,,,,,,4.1839618733751183e+18,289.93372999999997,-16.02648,0.9,,289.93372999999997,-16.02648,,,,,,289.93372999999997,-16.02648
,,,,,,,,,,,4.1810109216027955e+18,291.21696000000003,-15.94715,0.9,,291.21696000000003,-15.94715,,,,,,291.21696000000003,-15.94715
,,,,,,,,,,,4.1809801009199903e+18,290.58345,-16.34906,0.9,,290.58345,-16.34906,290.58345164672,-16.34906493843,4.1809801009199903e+18,0.6,0.018666239503935145,290.5834505489067,-16.349061646143337
,,,,,,,,,,,4.1805686473465134e+18,290.62682,-17.44443,0.9,,290.62682,-17.44443,,,,,,290.62682,-17.44443
,,,,,,,,,,,4.084250947727072e+18,290.17793,-18.84635,0.9,,290.17793,-18.84635,,,,,,290.17793,-18.84635
,,,,,,,,,,,4.184944321373997e+18,291.32113,-13.630579999999998,0.9,,291.32113,-13.630579999999998,,,,,,291.32113,-13.630579999999998
,,,,,,,,,,,4.185163330346469e+18,289.51922,-14.35549,0.9,,289.51922,-14.35549,,,,,,289.51922,-14.35549
,,,,,,,,,,,4.084076365883725e+18,288.33846,-19.12135,0.9,,288.33846,-19.12135,,,,,,288.33846,-19.12135
,,,,,,,,,,,4.1847756494181284e+18,290.16359,-14.403820000000001,0.9,,290.16359,-14.403820000000001,,,,,,290.16359,-14.403820000000001
,,,,,,,,,,,4.1842839959187456e+18,289.54276,-15.53096,0.9,,289.54276,-15.53096,,,,,,289.54276,-15.53096
,,,,,,,,,,,4.084223524348494e+18,289.63125,-19.10953,0.9,,289.63125,-19.10953,,,,,,289.63125,-19.10953
,,,,,,,,,,,4.083558732135405e+18,291.23675,-18.773789999999998,0.9,,291.23675,-18.773789999999998,,,,,,291.23675,-18.773789999999998
,,,,,,,,,,,4.1842282687230203e+18,288.48999,-15.533879999999998,0.9,,288.48999,-15.533879999999998,,,,,,288.48999,-15.533879999999998
,,,,,,,,,,,4.1842164103184753e+18,288.62147999999996,-15.72323,0.9,,288.62147999999996,-15.72323,288.62147831211,-15.72323386435,4.1842164103184753e+18,0.5,0.0150912396119036,288.62147943737,-15.723231288116665
,,,,,,,,,,,4.0879035554091064e+18,288.00227,-17.048779999999997,0.9,,288.00227,-17.048779999999997,,,,,,288.00227,-17.048779999999997
,,,,,,,,,,,4.180769063402755e+18,290.21733,-17.27052,0.9,,290.21733,-17.27052,,,,,,290.21733,-17.27052
,,,,,,,,,,,4.180790435162746e+18,290.76414,-17.03823,0.9,,290.76414,-17.03823,290.76414477772005,-17.038229866440002,4.180790435162746e+18,0.3,0.016451911544576096,290.76414159257337,-17.038229955480002
,,,,,,,,,,,4.087629742658238e+18,288.72204,-17.55463,0.9,,288.72204,-17.55463,,,,,,288.72204,-17.55463
,,,,,,,,,,,4.0876645877246336e+18,287.9601,-17.57988,0.9,,287.9601,-17.57988,,,,,,287.9601,-17.57988
,,,,,,,,,,,4.1843505507327923e+18,289.49811,-15.099039999999999,0.9,,289.49811,-15.099039999999999,,,,,,289.49811,-15.099039999999999
,,,,,,,,,,,4.184305230242132e+18,290.07106,-15.225539999999999,0.9,,290.07106,-15.225539999999999,,,,,,290.07106,-15.225539999999999
,,,,,,,,,,,4.1843256742823117e+18,289.87367,-15.07184,0.9,,289.87367,-15.07184,,,,,,289.87367,-15.07184
,,,,,,,,,,,4.184332035135656e+18,290.08907,-14.90386,0.9,,290.08907,-14.90386,,,,,,290.08907,-14.90386
,,,,,,,,,,,4.089004377024499e+18,286.31852000000003,-15.90339,0.9,,286.31852000000003,-15.90339,,,,,,286.31852000000003,-15.90339
,,,,,,,,,,,4.1856103505386496e+18,289.31796,-13.959620000000001,0.9,,289.31796,-13.959620000000001,,,,,,289.31796,-13.959620000000001
,,,,,,,,,,,,,,,,,,287.76134292578996,-14.34326269956,4.185312902600748e+18,0.6,,287.76134292578996,-14.34326269956
,,,,,,,,,,,,,,,,,,289.2104857913,-18.006600190479997,4.084598290324148e+18,0.4,,289.2104857913,-18.006600190479997
,,,,,,,,,,,,,,,,,,290.10386505931,-17.577983239989997,4.084673847385974e+18,0.5,,290.10386505931,-17.577983239989997
,,,,,,,,,,,,,,,,,,288.4774507246,-16.04877327414,4.088118067567207e+18,0.8,,288.4774507246,-16.04877327414
,,,,,,,,,,,,,,,,,,287.98310582426,-16.99171572969,4.0879098088819456e+18,0.4,,287.98310582426,-16.99171572969
