ampl_rec,amplitude,cstart,cstop,duration_d,ed_inj,ed_rec,ed_rec_err,istart,istop,peak_time,total_n_valid_data_points,tstart,tstop
0.07597667555115928,0.15635795385382326,140885,140893,0.027460236946928777,364.2562188337263,348.3003049216391,2.0500674387170026,7,14,2987.7352793796094,3643.0,2987.7240874855343,2987.8875446966194
,0.40716486263484203,,,0.005037508125961071,321.5602625468051,,,,,3053.982027659017,,,
,0.3343265282287247,,,0.0023109891954402263,4.682489230493182,,,,,3065.145179977014,,,
,0.31833181273065686,,,0.008025536225642301,578.0239451651544,,,,,3067.0807228934004,,,
0.38289100346460003,0.44471004966559935,140885,140893,0.023535548514111677,1200.3315664678476,1188.6932836939932,1.3983500733411318,7,14,2987.724921734531,3643.0,2987.7240874855343,2987.8875446966194
0.08157758439234741,0.1476587217446328,144708,144714,0.031198006324726232,342.43739912289084,339.5023733791553,1.5679988521251558,3548,3554,3065.8382918571047,3643.0,3065.8345850884507,3065.9571764152643
,0.23685158424658717,,,0.015366494551980442,237.74754574313232,,,,,3058.2668778147704,,,
,0.49735971795607037,,,0.007843866057079624,127.00316150687955,,,,,3066.4944614517835,,,
0.05003012378133587,0.16528607026239622,140885,140892,0.022817525058076,287.2241337327508,277.0726014159754,2.173801658410382,7,13,2987.7299929843366,3643.0,2987.7240874855343,2987.867112547152
0.3005407780578149,0.33731384354181665,144812,144819,0.019718641162270352,779.9362018865767,778.4319310070254,1.1742055841234798,3633,3640,3067.960057077939,3643.0,3067.959503843922,3068.1025274372005
,0.3768057971538408,,,0.007536252086511263,36.22512331032983,,,,,3039.001565863412,,,
,0.05373108332456037,,,0.021529948314394604,67.60894368890719,,,,,3065.373743997559,,,
0.25679024418043395,0.37827951449587655,144700,144712,0.030972971230642965,1047.9070669073503,1042.9137162768848,1.6636512808810375,3541,3552,3065.6737495939446,3643.0,3065.671129906834,3065.9163127381107
0.0743093456779449,0.4894192269218861,144761,144767,0.0124210924267594,423.5030673135449,420.93479316303234,1.8882619541615513,3586,3591,3066.9208735079674,3643.0,3066.917475908136,3067.0400673546246
,0.44750403621167867,,,0.011230539284051896,737.880595090788,,,,,2987.886305682087,,,
,0.3076325694539959,,,0.01155792681965493,163.5730407357698,,,,,3013.3339037459687,,,
0.3493831689785505,0.45372290049999364,141449,141459,0.024420737550649677,1191.0584174778526,1179.7793910284859,1.4945289806616897,534,543,2999.249191930136,3643.0,2999.2477461851377,2999.452065182093
,0.11602440560604807,,,0.01432157661671544,90.833756914438,,,,,2987.877287168687,,,
,0.038334225978744814,,,0.023955775620919897,65.54250928935096,,,,,3065.1528576101673,,,
,0.189970332314889,,,0.00432390079463082,45.03390222305653,,,,,3066.63274421022,,,
0.11211352462353896,0.3461880217964547,144677,144687,0.024534337652312978,665.0035929286028,661.7741161601933,2.2364246700713477,3520,3529,3065.207182283015,3643.0,3065.2011966784994,3065.4055154495
,0.3372898802376092,,,0.002227361409664026,28.985061006610618,,,,,2987.7780420185422,,,
,0.29966041596764287,,,0.014191519934890595,243.60176438248388,,,,,3016.6249635825816,,,
,0.3763255468975473,,,0.027798312285786844,846.9144744933602,,,,,3067.055834704429,,,
0.06720301273748008,0.2971799650606331,141045,141052,0.01652117559105223,316.59884229973704,318.94701209149827,1.56739292721243,143,150,2990.9971212705113,3643.0,2990.9932258753397,2991.136250469317
0.4370458914815969,0.4406514073486565,144698,144704,0.011716073749244764,919.4017311526048,922.7893087129554,0.983491487769783,3539,3544,3065.6302950804065,3643.0,3065.630266140157,3065.7528575446195
,0.46147839932073054,,,0.01099756967390897,732.6953651262947,,,,,2988.1313868402876,,,
,0.23160472601558058,,,0.013024584301490836,186.62069222668384,,,,,3067.971681559808,,,
,0.0378342166604633,,,0.021609329449754806,59.42437981555277,,,,,2988.1273081341465,,,
,0.28744534434918967,,,0.009235071639421723,101.49772019585467,,,,,3020.115763808095,,,
,0.21702382643500812,,,0.008943759582915305,93.80830298142143,,,,,3064.960095197845,,,
,0.3145906344374526,,,0.028364199419394557,462.24527445704183,,,,,3066.7188216272525,,,
0.1646885809221772,0.4326780232807229,144675,144685,0.02437650924379329,661.2096223405863,654.8938576787657,1.6599320961017172,3518,3527,3065.1691342734953,3643.0,3065.1603328288184,3065.364651692362
,0.034565078698782045,,,0.009409892741525773,44.53344918200846,,,,,2988.1541479685147,,,
,0.45361911259402665,,,0.02437701354828536,1059.4557436384018,,,,,3042.0904967498545,,,
,0.34796066662181085,,,0.029499077088262885,653.8332450949574,,,,,3068.104365770536,,,
,0.25495281919679064,,,0.030026128859017183,687.2652777248896,,,,,2987.9459978927744,,,
,0.04222117775889783,,,0.021410803788498585,76.13637765282597,,,,,3040.0656385834145,,,
,0.11233249781405644,,,0.02736784777675797,225.37873696230443,,,,,3065.663822734694,,,
,0.022815890455970454,,,0.013802561255493551,9.35410476679208,,,,,3066.957338673427,,,
0.0041938442220113,0.04970433050451751,140905,140908,0.007756831383889919,16.597352481038897,17.280168248630865,1.3915817471576408,25,28,2988.135247753497,3643.0,2988.1327304501538,2988.1940268771286
0.33921968810238257,0.3467189058135967,143047,143055,0.015959306426951314,787.2746869753207,783.9382676340211,1.066225306674489,2047,2054,3031.897648928181,3643.0,3031.8975665890684,3032.0610191078013
0.03943627527395299,0.10780230905353631,144686,144692,0.021518805532682955,174.86149546688753,169.14916161897142,1.5626392404604819,3528,3533,3065.3890023721974,3643.0,3065.3850835708145,3065.5076748487336
,0.4876322034726757,,,0.01569474902651172,510.0005008352471,,,,,3067.869442051654,,,
,0.22883689641510097,,,0.03058861170701196,629.6851913252559,,,,,2988.0493879601386,,,
,0.04249379068345899,,,0.026417734650967827,38.8795724069051,,,,,3041.6981146873923,,,
,0.48737692220698303,,,0.0012298878317407794,0.06528984594078857,,,,,3064.835532935081,,,
,0.3463532846032254,,,0.023632963936943713,546.1814492882866,,,,,3066.377989430723,,,
0.03986533131056902,0.1110995072504785,141104,141110,0.024667974456074365,200.65959193410353,189.8596612366981,1.602654761005421,198,204,2992.203243212843,3643.0,2992.1987173930393,2992.3213096467516
0.14994996111879466,0.3257208942374387,144677,144681,0.009440728898221049,386.35513360667727,386.2262559216002,1.1790617154018843,3520,3523,3065.2025939791197,3643.0,3065.2011966784994,3065.282924182524
,0.4259364226842488,,,0.02871936779778902,470.9096207516984,,,,,2987.7608217245906,,,
,0.010312156450896415,,,0.024622472923080167,8.437128931589275,,,,,3067.4383716163225,,,
0.034708504044731026,0.16659712523397344,140885,140892,0.014428411027586952,143.85187045187322,149.67255369101974,1.9733943265150298,7,13,2987.730237245379,3643.0,2987.7240874855343,2987.867112547152
0.32373135843435663,0.3969886400553396,144662,144674,0.03080376024754332,1151.8970856732499,1143.9215928137726,1.5036038413529267,3506,3517,3064.8961831117012,3643.0,3064.894718390453,3065.1399010543246
,0.02801868806748287,,,0.03112718347159429,71.42717047362932,,,,,3031.689279942939,,,
,0.11595920171164818,,,0.012034823666969164,214.35254503660232,,,,,3066.978030619376,,,
0.1299487801961512,0.2737815992233272,140883,140888,0.012221718207333318,338.3658771243554,342.3120768061185,1.178360113818148,5,9,2987.6849972122395,3643.0,2987.683223077751,2987.7853839437084
,0.03151279681326171,,,0.010512819906087881,12.810761671223563,,,,,2995.086211396244,,,
,0.19276583026655023,,,0.003702739849010138,64.26686982235402,,,,,3065.8508565222232,,,
,0.11613191258978037,,,0.02717387761312646,199.6285738031674,,,,,3066.2731884355617,,,
0.0343630562120516,0.3200604348888606,142698,142712,0.016085939704486452,116.02320250269096,172.02397325011725,1.9771924797043745,1712,1724,3024.7767263389287,3643.0,3024.766947445445,3025.052989570264
0.15133785599016192,0.4318331219487728,144700,144711,0.026178806565827457,790.6458236416837,785.7128878625912,1.93513161231476,3541,3551,3065.6775689884644,3643.0,3065.671129906834,3065.8958807501185
,0.34133717233696614,,,0.025599005109166666,921.1939299538058,,,,,2987.662036136755,,,
,0.10768158948202669,,,0.018002644872824047,117.86677205510267,,,,,3066.3564989585143,,,
,0.31148282713582975,,,0.02146452110825871,606.7645031124613,,,,,2987.7363314269014,,,
,0.24737775831729072,,,0.011404762645509072,356.986851602334,,,,,2995.404448927275,,,
,0.3847486056484628,,,0.024515642280770994,801.7200958299155,,,,,3065.340077515056,,,
,0.37877511197173047,,,0.0003813888742827924,3.321672935095697e-09,,,,,3067.4725541448133,,,
0.10829685159787061,0.29375175009687465,144770,144777,0.019980257089303028,449.41330369059483,439.71338787251915,1.5353071282900705,3594,3600,3067.104941613715,3643.0,3067.1013630828747,3067.244386562532
,0.4431464244875909,,,0.030465627302286892,643.6864739771835,,,,,2987.767536459255,,,
,0.0526642092934397,,,0.011627182025066747,23.980836059471855,,,,,3014.5151376063636,,,
,0.23241690300976392,,,0.01309668293223022,185.67862947751928,,,,,3065.6013437736287,,,
0.07099115251635468,0.1542751848159434,144662,144670,0.02797109145467888,284.58378915321384,272.67696384927206,1.6003788223219204,3506,3513,3064.9048825860473,3643.0,3064.894718390453,3065.058173460544
0.05948977583085946,0.13069379197005995,144816,144821,0.030517151173323882,223.25817883410465,221.01565304641525,1.5009239767085054,3637,3642,3068.0501715954333,3643.0,3068.041231651907,3068.1433912958455
,0.11559157372557036,,,0.003800793814268168,6.043666882735059,,,,,2987.7054569110824,,,
,0.4180717682712908,,,0.0007830979447353928,22.099747488782057,,,,,3035.8580354048745,,,
0.07444800732298651,0.29215768301344314,144521,144528,0.017259862058163405,435.14751692719113,431.88289162897547,2.6877700064736603,3405,3410,3062.020964882445,3643.0,3062.01382755753,3062.1568503101735
,0.3595277987081611,,,0.007812726995973442,529.2757604642827,,,,,2987.9274356764945,,,
,0.09840805039360627,,,0.02815930442108758,121.58181363313469,,,,,3064.9975913140916,,,
,0.4087371614168391,,,0.013457371175934764,443.4819193208563,,,,,3067.218517241863,,,
0.12508174853916665,0.4496338955078198,142823,142830,0.01945904113104346,471.3499122959133,433.75063954023665,1.4483280357920947,1831,1838,3027.3278227272835,3643.0,3027.320894740842,3027.463915840737
0.03558579672985296,0.09451294758441268,144742,144749,0.029960245056441605,203.9233373324179,194.33282774133363,1.7574722728118846,3568,3575,3066.53513800157,3643.0,3066.529269651226,3066.6722929563693
,0.02347080051030904,,,0.017119898574355596,24.736756809798504,,,,,2987.8580680832083,,,
,0.02961195040108535,,,0.022718385560673893,53.985782499790865,,,,,3065.4400122740244,,,
0.4244723992999764,0.4924179224809581,140881,140886,0.011289898433095023,907.5925027174151,907.6930836232737,0.9954064665498348,3,8,2987.6427578626995,3643.0,2987.6423587676472,2987.744519538719
0.047359806607781385,0.44188758181169174,141578,141591,0.009320231051697731,176.60431147960298,203.6714391334554,1.6481263673239284,652,664,3001.886582243575,3643.0,3001.8834572538617,3002.1490711659135
,0.19966961086748083,,,0.023389257977574088,539.375866523482,,,,,3064.87428149334,,,
,0.3435196729586526,,,0.0050011447031930055,70.2864379481443,,,,,3067.2551030727914,,,
0.05954461984541326,0.263279541223784,141632,141641,0.015575993267974292,193.03614877652495,209.0119743806727,1.4926147526237996,704,713,3003.01401704779,3643.0,3002.9867762758367,3003.1706626601153
,0.07126083111722202,,,0.007833895851990855,14.839718576564847,,,,,2988.1572552877487,,,
,0.2567177544848571,,,0.027342016886091187,522.2567739618759,,,,,3065.3582689362547,,,
,0.4677025626828567,,,0.0002692544338649014,2.359993672616643e-06,,,,,3067.2150161019586,,,
0.010949357299341322,0.2507408347926967,141015,141018,0.005081531079909913,39.25545946375029,41.635935023690756,1.2661950723652384,115,118,2990.382120846501,3643.0,2990.380263384999,2990.4415596438703
0.1760084153259962,0.27900379746932974,144806,144818,0.03314059008325185,777.9603488529388,797.5697482079512,1.7330703189176873,3628,3639,3067.840157081081,3643.0,3067.836912293358,3068.082095608457
,0.2958314097997002,,,0.012076200889371037,195.17791722419335,,,,,2987.9386229332636,,,
,0.16465572839705617,,,0.008663799823283464,210.74127985678933,,,,,3065.917136627114,,,
,0.14211543739926566,,,0.011760984650105916,71.68426389044032,,,,,2987.8133248370577,,,
,0.21130346398121233,,,0.015747619145725002,167.76090523811155,,,,,2996.7431763582576,,,
,0.31032111728991846,,,0.006527648415938261,59.571031885120654,,,,,3064.8599462398392,,,
,0.00934933844957482,,,0.02644997697132114,13.179582799120029,,,,,3067.2103939496974,,,
0.041313509685725336,0.07294431150969088,142535,142538,0.007133105279602153,85.48160497084596,85.0584401628759,0.9560534358667153,1554,1557,3021.437391153561,3643.0,3021.436597758773,3021.4978926557014
,0.3308292460442763,,,0.009998407140050599,420.33609173989475,,,,,2987.905637936065,,,
,0.09509680967117842,,,0.019669567101694135,143.81842778208528,,,,,3065.7013262530654,,,
,0.2543758827261048,,,0.011524350033128487,357.36302996935575,,,,,3067.998060082619,,,
0.06783323223408422,0.24221938567438006,140902,140909,0.020171789691240914,274.62851041045326,282.9406453640905,1.6289181721039798,22,29,2988.0774759545193,3643.0,2988.071434018988,2988.2144590182143
,0.2767664820522539,,,0.018893322671168923,395.651339261924,,,,,3060.740582635249,,,
,0.1250338352411772,,,0.00434358263978147,25.296377709774035,,,,,3065.0498914696655,,,
,0.31278147656117067,,,0.020158703755318343,572.81078842066,,,,,3066.484757240156,,,
0.03483002411655112,0.0896754864859934,140900,140906,0.02499232484696917,133.91903764785877,136.98818878659367,1.5898041483326115,20,26,2988.0388784489583,3643.0,2988.0305697289077,2988.153162593102
0.010638737110253649,0.03116878444025766,143486,143492,0.026924072428710245,60.14735728148166,55.609537216383316,1.7010893583893567,2454,2459,3040.8725632750848,3643.0,3040.867028701774,3040.989618331827
,0.2661122782720551,,,0.02694193022008573,619.392956137149,,,,,3065.5245992151886,,,
,0.37213317574438654,,,0.030369394901295834,456.2157207166077,,,,,3067.4455564091736,,,
0.2660501925722263,0.4370461266209577,141705,141724,0.030680226548608462,1125.1909129467288,1129.5092817204575,1.6764726318500063,773,791,3004.4814527191666,3643.0,3004.478298448419,3004.866502621262
0.2870186150724887,0.4746078058163269,144669,144682,0.03142962918554753,1078.9765600193116,1073.732064633255,1.581145886790342,3512,3524,3065.0511823731968,3643.0,3065.0377415879193,3065.3033559595715
0.12024660365029005,0.2614499351047701,144797,144809,0.024664765491750913,418.48559756252047,444.82592129633434,1.5712325479278741,3619,3631,3067.684820572262,3643.0,3067.6530249938223,3067.8982080667774
,0.13797846790564328,,,0.0126916435604591,180.73371828734957,,,,,2988.08856234668,,,
0.08711491494624535,0.18569651994963157,144214,144225,0.02589450891405115,382.066137436583,385.56611557392284,1.667083906179878,3120,3130,3055.745007784946,3643.0,3055.741271744453,3055.9660208609494
0.2338621733958708,0.4012272968554216,144710,144714,0.0092108913914324,504.8705015991521,502.69058224252166,0.9934196030684016,3550,3554,3065.8764696018047,3643.0,3065.8754488625855,3065.9571764152643
,0.26573166782848373,,,0.0005251841955028011,0.5814073475101651,,,,,2987.596306283201,,,
,0.4736044461447764,,,0.005256983094507027,58.09500833616199,,,,,3066.5346324429697,,,
0.20844059429011463,0.36916250907829096,143429,143441,0.031301529143787005,1025.8163278057395,1023.5079227132983,2.1934761193586856,2402,2413,3039.7147226774055,3643.0,3039.7024280503174,3039.9476072450925
,0.314640175082714,,,0.01977075243750358,386.1828385628523,,,,,2987.8517521622193,,,
,0.4105973006254049,,,0.011665774972036923,256.54845498677906,,,,,3065.5183852299997,,,
,0.08636118859116468,,,0.011974708222142283,40.975865164877035,,,,,3067.7196232093106,,,
0.1228459438472993,0.3396582374397075,140902,140909,0.026796336258254283,574.4819191036372,581.5389846267302,1.7122692251432132,22,29,2988.077949571599,3643.0,2988.071434018988,2988.2144590182143
,0.14883644663878984,,,0.019584839375874796,182.3737773732809,,,,,3012.23174532443,,,
,0.38757687691493703,,,0.0028852583952085364,117.14363998115815,,,,,3065.0138043096927,,,
,0.17752048585955985,,,0.014610364191027876,152.78370306660503,,,,,3067.582533791206,,,
0.10207452495227831,0.2690997798320574,144780,144789,0.022621845669607996,365.0471688622842,361.7376972922011,1.5013219398100108,3603,3611,3067.315279172432,3643.0,3067.3056824024243,3067.4895695428204
,0.0821602779430599,,,0.016057002481717562,68.04228602356454,,,,,2987.8961733482665,,,
,0.3868827596308847,,,0.02346297867504245,780.7686623004603,,,,,2991.3363733771953,,,
,0.3424000924301505,,,0.005532083946415929,51.596414779398316,,,,,3065.4314914937568,,,
,0.22440492878267118,,,0.002804369686431584,15.75564742930103,,,,,2987.8976585741975,,,
,0.07978411487356933,,,0.032339705395493225,253.63494915563385,,,,,3000.963839337001,,,
,0.3857545237510947,,,0.0011277043078355812,6.433769826326814,,,,,3064.8468289954462,,,
,0.32068958090502164,,,0.01884518860144403,598.0485649540279,,,,,3066.3221384751723,,,
0.24350709413486604,0.3974046532950954,140897,140909,0.03265414986084778,1183.8516079043882,1197.3381894783563,2.2094471017632826,18,29,2987.9826056231664,3643.0,2987.96927328936,2988.2144590182143
0.17049633171034428,0.23482096470574695,141395,141407,0.032902864888769985,613.1930656081831,604.1979978046496,1.5246128449260112,481,493,2998.1602981830183,3643.0,2998.1444233426446,2998.389606377532
0.16960358243690443,0.3493442398810088,144671,144681,0.02555373140974884,595.8278849425461,592.7027821958499,1.498118925721139,3514,3523,3065.090371338945,3643.0,3065.078605233408,3065.282924182524
0.18959066424671378,0.34885598914589805,144803,144814,0.028068674993737455,682.6719367689448,698.219531882009,1.5664304753978724,3625,3635,3067.7882095151404,3643.0,3067.7756165234314,3068.0003677972127
0.06308874947493504,0.08599552300947605,142772,142796,0.014106903519173179,152.78619510925694,275.6701763762709,1.935846944768082,1782,1805,3026.279819778709,3643.0,3026.2788844057795,3026.769242284565
,0.17611315649807538,,,0.013579307723201726,354.3002914519702,,,,,2987.887022913378,,,
,0.24782246510951203,,,0.0050440790765123285,143.50000844313993,,,,,3065.7056640991314,,,
,0.051650472653821645,,,0.0122050322210443,97.74993128865921,,,,,3067.468505400469,,,
0.2340578473996353,0.4303177118210288,144808,144819,0.02726414147039155,880.9028554933109,897.7898152030997,1.664095826015519,3630,3640,3067.890681483722,3643.0,3067.8777762419923,3068.1025274372005
,0.15084861390541923,,,0.0010760462251624585,0.006873914721418865,,,,,2987.970251065842,,,
,0.3956222764052233,,,0.0008000448498928951,248.80321011736302,,,,,2999.3290563754654,,,
,0.44544468987310826,,,0.014563940404727301,327.744337466356,,,,,3065.3123088518837,,,
0.02842103551327635,0.22230694826190536,143290,143294,0.010716196215696852,114.5728798380038,109.72076205438023,1.4020620864670434,2274,2278,3036.865772796544,3643.0,3036.8624383930437,3036.9441646806736
0.10616685600682652,0.3037930716718179,144674,144682,0.019763638379373248,356.6803049146466,353.8676579417496,1.4313372980001822,3517,3524,3065.1497283230215,3643.0,3065.1399010543246,3065.3033559595715
,0.4339362012622093,,,0.032803110225441676,215.53657271345924,,,,,2988.200970525593,,,
,0.17246198293423926,,,0.0068423415706507585,53.028372276792396,,,,,3067.0301889399834,,,
0.27523432907516465,0.35366966616882134,141386,141397,0.026952640639071018,907.468067682197,905.679210732732,1.4250163540949008,472,483,2997.9620892192193,3643.0,2997.9605361022477,2998.185287268927
,0.15158669083948031,,,0.0047611564079443934,20.988358886997155,,,,,2987.8955762366736,,,
,0.06999658191015277,,,0.032338780035232856,192.72063159046385,,,,,3065.1366044230217,,,
,0.1801443984313553,,,0.0018796576527965465,32.987173424352676,,,,,3066.5868945109264,,,
0.019422903334443298,0.033733385044393695,140880,140885,0.022677193446198254,68.37210844233928,67.185593078104,1.43807775930651,2,7,2987.6243958513473,3643.0,2987.6219266116605,2987.7240874855343
0.1758299354996864,0.31731770363880324,144757,144766,0.022982955084943517,634.2518916749508,626.6737214276724,1.4741929466109385,3582,3590,3066.8384919172317,3643.0,3066.835748184676,3067.0196354459113
,0.004942461960884744,,,0.0026922205944051756,0.11087507070133848,,,,,3057.5034235379644,,,
,0.4020087810874318,,,0.02450273642079267,420.4438977247519,,,,,3065.2434927778922,,,
0.0582409254809968,0.41903490638193114,141606,141611,0.01121368121576247,196.8306314442436,187.1294748375073,1.3555219660886277,679,684,3002.4595677497364,3643.0,3002.455548779566,3002.557707832464
,0.28988624898799953,,,0.009156211348909411,300.0586311950931,,,,,2987.6596814462328,,,
,0.05932259904221754,,,0.024548240025034248,62.90109409795214,,,,,3065.905894345908,,,
,0.2586072818692919,,,0.0034568640658070525,100.5299345474729,,,,,3066.468820384632,,,
0.24161814376274626,0.39981009252455146,144738,144749,0.02934686548354237,988.1592302112529,982.5905368568325,1.6178685976172789,3564,3575,3066.4506151359565,3643.0,3066.4475420566305,3066.6722929563693
,0.25278206012375476,,,0.020792215659058477,0.0,,,,,2988.205934588211,,,
,0.08552618006333366,,,0.019901595363235745,94.08769671133463,,,,,3053.298092924885,,,
,0.15753098130859847,,,0.015277685295560615,317.5364766075417,,,,,3065.322915695984,,,
0.1215613855740052,0.18287636485389305,140900,140909,0.025283882934219314,411.64161861743696,425.61820367008164,1.4798738569520524,20,29,2988.0328624240515,3643.0,2988.0305697289077,2988.2144590182143
0.2654634310231354,0.4908723478029031,144590,144602,0.028709386746881765,994.1750059775624,984.3687847664243,1.5870361337713415,3469,3480,3063.4360346821177,3643.0,3063.423624390365,3063.668806546426
0.14959668759939215,0.35236071255215395,144767,144777,0.02864642827845315,658.4406141667548,642.0600193838111,1.7351042406070116,3591,3600,3067.048638888142,3643.0,3067.0400673546246,3067.244386562532
,0.1060363743396322,,,0.002512247360726465,6.64666735624865,,,,,3064.8441294318663,,,
0.052963944944342645,0.10924889793636788,144659,144668,0.03149595671611871,231.7459626438628,223.27175002643173,1.7032122829987826,3503,3511,3064.843188773549,3643.0,3064.8334227825762,3065.0173096157523
,0.4878886526446166,,,0.012276218263774348,257.49496994069983,,,,,2987.6896507692495,,,
,0.28454277478658674,,,0.02038080625379765,636.9567625723622,,,,,3046.3188222190556,,,
,0.09083432943929402,,,0.00025250392683905803,0.27053068904555005,,,,,3066.5269150695653,,,
0.20417207029790907,0.24165082622808232,140893,140905,0.033244741127480174,744.8783789257116,753.7169726492172,1.5617323296115775,14,25,2987.8888431753226,3643.0,2987.8875446966194,2988.1327304501538
,0.35561891846244886,,,0.002333895713385934,46.56092298213944,,,,,3011.4395798381356,,,
,0.008804080166079628,,,0.01655826014199446,8.772774261489765,,,,,3065.81838176706,,,
,0.23888206330487494,,,0.029891639349271724,699.7520741808017,,,,,3066.2833273087404,,,
0.018644122230473625,0.06154375788161187,141834,141839,0.021742435191724436,97.19883563131998,90.76280213087139,2.0582932283366713,895,899,3007.118445070162,3643.0,3007.1139977510466,3007.2161566200084
0.07385190160354171,0.23585507145751602,144817,144821,0.022152029393613597,258.30222038881925,254.77565994507762,1.4066401308701995,3638,3642,3068.0685983225762,3643.0,3068.061663579945,3068.1433912958455
,0.4684159440364037,,,0.03142716582313726,1442.2229526835868,,,,,2987.806328391746,,,
,0.04189520450766502,,,0.026004686337397276,1.6833804589088786,,,,,3065.947264735729,,,
0.12681535679998368,0.13448703425256053,144658,144661,0.010267852688269685,260.41877081842387,256.11872698067447,0.9432317409628936,3502,3505,3064.8131362422723,3643.0,3064.8129910139032,3064.8742866206157
,0.3786877758157875,,,0.009563464680067442,453.4239998771001,,,,,2987.8033401153766,,,
,0.3558851196904159,,,0.008567791657247832,148.59009166623036,,,,,2991.5555566967773,,,
,0.48759517611650494,,,0.026496856983373566,1338.1844149435783,,,,,3067.7545272767743,,,
0.05269786106541319,0.11068931701221638,140885,140893,0.03153295313251838,287.12523620107845,269.212973296677,2.2224574077746593,7,14,2987.73355849139,3643.0,2987.7240874855343,2987.8875446966194
,0.06882997619625313,,,0.015132285812220179,63.75498782435395,,,,,3045.9252954811873,,,
,0.257709684771115,,,0.009484895990125298,117.74351417724397,,,,,3065.0683283363483,,,
,0.47240109794814655,,,0.013733645433766819,1014.0988256560913,,,,,3066.3452895579485,,,
0.1433309609464879,0.30816842937275385,144671,144683,0.03215849883409778,676.2171117675896,671.3332726052145,1.8309846550218276,3514,3525,3065.0873574484644,3643.0,3065.078605233408,3065.3237879368608
,0.3190143314235324,,,0.007582400648417311,204.47880506363026,,,,,2987.7805511009683,,,
,0.03979862108531652,,,0.01844048729675472,24.907337889365284,,,,,3039.006185794435,,,
,0.2458057525495719,,,0.024233604001322653,661.0509695664953,,,,,3067.754952052472,,,
0.1736256256874802,0.3760175338032838,143434,143445,0.026538340722063,645.022893271619,640.1766623539713,1.550030336105853,2406,2416,3039.8153760949535,3643.0,3039.804586063161,3040.029333479746
,0.21097007426794212,,,0.031719734630230915,341.1572804831688,,,,,2987.769319773062,,,
,0.31046800532580426,,,0.029900171349589274,924.1647739307862,,,,,3065.5480160027387,,,
,0.11766561162446193,,,0.00962019386206195,1.3922743218071445,,,,,3068.1276315142923,,,
,0.21057129324273496,,,0.02073210025744539,160.46158545598735,,,,,2988.0094498184094,,,
,0.10683650154784745,,,0.02528000554262145,146.94989950402848,,,,,3018.910739902567,,,
,0.0703774902201459,,,0.002820395528566447,5.001684027640843,,,,,3065.0478557739116,,,
,0.16208060832674653,,,0.004865490768414375,61.80904493633079,,,,,3067.157293768298,,,
,0.10061747013574711,,,0.0006145417225242141,1.3265951941671839,,,,,2987.8221601325486,,,
,0.4112952451698153,,,0.006565855110796803,105.28236597347104,,,,,2999.4612712710277,,,
,0.2509053324311411,,,0.0012663560904328387,0.3020007704723897,,,,,3065.8207149685177,,,
,0.2567304180816145,,,0.020815985747166206,323.31935894319196,,,,,3067.3160042422005,,,
0.08372585032368907,0.09112563337946483,144776,144780,0.016184295330114715,199.55733018358035,190.17786194328664,1.0492890434995832,3599,3603,3067.224258828874,3643.0,3067.223954650086,3067.3056824024243
,0.44005921381511404,,,0.0017682913287608666,12.275424022319212,,,,,2987.959880545262,,,
,0.2336138913004884,,,0.0024522242471236404,8.642807207241283,,,,,3021.200039847121,,,
,0.49511282083006225,,,0.02754086234365358,1390.1400165549815,,,,,3065.016665730393,,,
0.13912691529005605,0.37334641280378594,144749,144755,0.013837408962238482,487.77234426861895,489.85381669927347,1.5178022723162188,3575,3580,3066.674737446559,3643.0,3066.6722929563693,3066.794884375384
,0.25717323882088483,,,0.023632694961067565,208.76555989149827,,,,,2987.7599651877294,,,
,0.4604869148579493,,,0.017636210175535873,556.2151774710968,,,,,3040.1238156042577,,,
,0.3436665534979813,,,0.02249986155780105,613.4818836018367,,,,,3065.3184193061406,,,
0.24421230434958208,0.4937301454617321,140897,140909,0.025806011697719906,1120.5856443504163,1137.1582944516415,2.113597421523415,18,29,2987.98124429679,3643.0,2987.96927328936,2988.2144590182143
0.13345628919142882,0.16399590941352468,144732,144739,0.022218955066244144,384.22243462909444,376.7269964502476,1.2674111343547876,3558,3565,3066.325997929164,3643.0,3066.3249505760323,3066.467973954641
,0.3869947348381222,,,0.030429368126580432,1102.0083843030957,,,,,2997.959056973821,,,
,0.27501151751705694,,,0.008068984536365315,144.6526026200474,,,,,3065.2557131407552,,,
0.0520919477097197,0.269849661564401,143213,143220,0.013981892860506981,153.41185977342212,170.98701018278516,1.404303231258713,2203,2209,3035.335504798158,3643.0,3035.2892072204268,3035.4322281973873
0.08288020168572463,0.16871408327993473,144733,144742,0.02501380274603576,341.4312459801917,338.03899842148286,1.5769298240093386,3559,3568,3066.3488190728176,3643.0,3066.3453824719472,3066.529269651226
,0.04474947266509278,,,0.01739420998654706,68.77200255185676,,,,,2987.6786975442596,,,
,0.048747031451722475,,,0.019909845689233065,53.44180795897882,,,,,3065.1073012747675,,,
0.11217905001955697,0.34071175042037877,144689,144699,0.02515590846955569,675.5540333828991,668.6454545902483,2.246523524438711,3531,3540,3065.452448123835,3643.0,3065.4463792082606,3065.650698123267
,0.4527108645240805,,,0.013002000862013119,96.67154781070165,,,,,2987.9964999595886,,,
,0.026767416133194583,,,0.025127539585940085,31.64278999194271,,,,,2990.956311738342,,,
,0.19103057584255945,,,0.00018202623253606783,8.950529091980585e-21,,,,,3066.4513653173194,,,
0.007075674888276096,0.021769230970263828,144771,144774,0.02534859566765202,37.784092919406326,27.122061602844866,1.3495558872489113,3595,3598,3067.127884005161,3643.0,3067.121794993225,3067.183090726132
,0.41540222859886206,,,0.022643306698736498,538.5917724150636,,,,,2987.7742251740497,,,
,0.17860960189010064,,,0.0040903221448260075,8.896015886805605,,,,,3047.73456612636,,,
,0.2071896396240835,,,0.0022465488298555754,1.0045467524785336,,,,,3065.243484519301,,,
0.018545285147602453,0.037669834478363265,140904,140909,0.029074445580057826,61.14409748677402,64.86127005893115,1.4618936057735035,24,29,2988.1229508340025,3643.0,2988.1122984072063,2988.2144590182143
0.14761602763202109,0.34996779363971475,143661,143673,0.0291996698294762,774.683044076984,773.6841057150036,1.7758614504904149,2614,2626,3044.4472504343844,3643.0,3044.4425593526394,3044.6877386875567
0.13953644988004998,0.35289143474823864,144685,144697,0.031659472961357946,823.6084249877733,813.5614398949026,1.8834207292040697,3527,3538,3065.3705709931387,3643.0,3065.364651692362,3065.6098342572805
,0.42016408758416207,,,0.012630131883352115,305.72995482550505,,,,,3066.4384852699245,,,
0.17541015750778866,0.3713493218060659,143872,143886,0.024785420875757348,653.6770409242861,712.4661189049189,1.764252979763837,2806,2819,3048.7653167362932,3643.0,3048.75363380451,3049.039676879678
,0.08470183569886766,,,0.02780958094432805,81.91224514732345,,,,,2988.1861546105015,,,
,0.22395281034308295,,,0.02481546646307173,543.8363839745317,,,,,3065.7052001665465,,,
,0.23977422482856187,,,0.012800279140866443,242.580587998686,,,,,3067.8108340812078,,,
0.06272401498661928,0.38121482736649376,144658,144662,0.008943182175299961,204.07608676487675,201.6884714827796,1.2727763004270682,3502,3506,3064.8153742252052,3643.0,3064.8129910139032,3064.894718390453
,0.06355372482428807,,,0.028252235699231135,0.0,,,,,2988.213329314353,,,
,0.0360400203366631,,,0.022099787130914962,86.90979154015037,,,,,3016.878967172879,,,
,0.4144042485119694,,,0.0023424237679045387,14.707720708877263,,,,,3067.253370216354,,,
0.07483123861564978,0.2760255255604193,140902,140909,0.018478092025139944,260.9516976428824,269.2607356828444,1.5077951591832432,22,29,2988.0782232450224,3643.0,2988.071434018988,2988.2144590182143
0.21970292618261067,0.44509555837421205,143616,143628,0.029857282341691636,889.3883075970008,876.4767758152092,1.666570381661909,2574,2585,3043.53381553111,3643.0,3043.5231367335946,3043.7683160905144
0.0630408681412169,0.11299316942050684,144733,144742,0.031606982601451186,245.91800651557165,237.03343147034997,1.582715821320534,3559,3568,3066.3573130726286,3643.0,3066.3453824719472,3066.529269651226
,0.2980432002819672,,,0.009744831909098785,374.49421282940267,,,,,3064.8924204312893,,,
0.425918365939868,0.48902004934856147,142801,142817,0.01665538857328132,1043.2872158639923,1046.1395432707977,1.1260608801643819,1810,1825,3027.0762366651875,3643.0,3026.8714001502667,3027.1983053099684
0.4409302014418741,0.472474976590009,144663,144674,0.02500138151383712,1293.1141493289856,1289.9072874512065,1.3097053980592397,3507,3517,3064.915581282356,3643.0,3064.915150260291,3065.1399010543246
,0.3701735776179715,,,0.015117510135928349,255.0453188354665,,,,,2987.771960104944,,,
,0.0650906439635289,,,0.0009411344066425833,4.14319702333357,,,,,3066.687954248972,,,
,0.1369740766781903,,,0.02072373159925311,188.63974417535837,,,,,2987.8180604540016,,,
,0.3280739391649114,,,0.005663974278896802,429.3461169255434,,,,,3062.5646120000256,,,
,0.36253696333215507,,,0.019572561161983047,491.7333498169472,,,,,3065.561502608367,,,
,0.33642669218226784,,,0.012512625772231452,286.7380136637648,,,,,3067.6050643462263,,,
0.044168660014072714,0.14354563413153634,144671,144677,0.019232805658276942,149.14536665683573,143.93021716375597,1.375019616942102,3514,3520,3065.086851204826,3643.0,3065.078605233408,3065.2011966784994
,0.2585648095340063,,,0.005826899904986121,227.91843195051194,,,,,2988.151020348833,,,
,0.48088226048033306,,,0.004337233683585001,31.242429885397264,,,,,3041.07476274524,,,
,0.019907104695050963,,,0.021236702199097828,32.78875063344375,,,,,3066.360080712652,,,
0.1200886199805884,0.32468761509360966,143691,143701,0.021288828064045515,532.4313014033723,539.4888707104321,1.6618762214790566,2643,2652,3045.059317668847,3643.0,3045.055507831057,3045.2598239879226
,0.086464181029389,,,0.014039578351519963,155.2266215186508,,,,,2987.9268691679667,,,
,0.46470315711318744,,,0.009019075157999107,202.70352958768018,,,,,3065.679916880564,,,
,0.28524532524789314,,,0.006526208507127879,106.55991430887703,,,,,3067.0325875616813,,,
0.21223971214176984,0.44980584323410056,140894,140905,0.025534655198556213,926.6272537674196,937.5956614935178,1.6838028753932297,15,25,2987.9116607729243,3643.0,2987.9079768456213,2988.1327304501538
0.059033834068434654,0.37614295112084867,142957,142961,0.013468318090815138,263.15816182479597,222.65683893763196,1.424341975964306,1958,1962,3030.06276168468,3643.0,3030.0587253139747,3030.140451677944
0.21945214444877914,0.3361385090735511,144774,144788,0.030568609662191045,1075.1116094143358,1067.9903186263825,2.185031683946491,3598,3610,3067.185863176542,3643.0,3067.183090726132,3067.4691377257186
,0.16846238640685265,,,0.032327997536972256,447.6664659599504,,,,,3065.176218093188,,,
0.02909118906046304,0.1463355017865944,144666,144676,0.030339595264862462,187.33658708519886,181.68346494613422,2.171232716759801,3510,3519,3064.986581360955,3643.0,3064.976445972592,3065.1807647035384
0.09855754862351707,0.25275353210354196,144780,144791,0.031086836166442804,570.0429956982291,563.7291410957023,1.8773662642454423,3603,3613,3067.3117609567867,3643.0,3067.3056824024243,3067.530433478183
,0.2363947566230892,,,0.005809942365604984,146.51055716050269,,,,,2987.884027276517,,,
,0.4917831552053811,,,0.003296863549801452,30.189964731268617,,,,,3050.0034669115216,,,
0.10244911964859016,0.3426122124876215,140896,140905,0.02215529413390976,494.22488187678766,503.03240093902275,1.910337302071565,17,25,2987.9550450793963,3643.0,2987.9488411422208,2988.1327304501538
,0.04775757634706387,,,0.029121805312246965,126.73287842996395,,,,,3017.142400439589,,,
,0.07524325649717734,,,0.02219943185748139,195.52513476144813,,,,,3065.650397024894,,,
,0.2553838279508316,,,0.03164422542358427,665.2538393738607,,,,,3066.3415782774414,,,
0.23310439451039033,0.4484214301782553,144797,144809,0.028024015768397203,851.5457919127202,870.0177615517237,1.5779390355698677,3619,3631,3067.685462826833,3643.0,3067.6530249938223,3067.8982080667774
,0.27376007217335313,,,0.019974229971160704,387.0824047103365,,,,,2987.9209148544915,,,
,0.29793190638129785,,,0.011665364675464685,376.16775794261724,,,,,3023.027165151253,,,
,0.4322022679149661,,,0.00748328387703039,727.4883657975851,,,,,3064.8943031386584,,,
0.3085599767797136,0.30881389723131036,144812,144820,0.02440003222489886,843.8440505018838,841.8874095239074,1.2345584187852225,3633,3641,3067.95950926693,3643.0,3067.959503843922,3068.122959266402
,0.4857507240802441,,,0.0061886960079196186,218.93185387478013,,,,,2988.106686953462,,,
,0.48735235789563974,,,0.02602822552292518,947.6849790884306,,,,,2991.6814618439485,,,
,0.03876742192141599,,,0.009163115981187069,56.71694625274144,,,,,3065.853705121486,,,
0.05257746313644729,0.05657367707137567,144284,144289,0.020367228314318378,135.48507423163718,134.13365380629625,1.156101189177395,3185,3190,3057.1719360252655,3643.0,3057.1714937331053,3057.2736525709843
,0.43208433546027275,,,0.0183436516503981,459.22090052763775,,,,,2987.877252079495,,,
,0.05258307513194726,,,0.013228501504747157,41.93789740144414,,,,,3065.5603451157504,,,
,0.0378949750002147,,,0.009652827244398324,34.95398328878407,,,,,3066.8927396839736,,,
0.023897913356747846,0.06401173614474462,140885,140892,0.024318463680084786,117.65387290222597,118.56620936946531,2.1698646748834767,7,13,2987.73212757257,3643.0,2987.7240874855343,2987.867112547152
0.053552541797999176,0.21834459115788232,141458,141468,0.01830528470174578,218.5080548342469,229.91456989345804,1.6877934212959655,542,552,2999.4373801221336,3643.0,2999.4316331943337,2999.6359521552004
,0.4953363868241126,,,0.004991578144341191,485.11928170487596,,,,,3065.5062041515043,,,
,0.13240790655706444,,,0.006258350663715538,39.92752042680629,,,,,3067.623673599882,,,
0.3392151624091002,0.3638332629098336,140882,140892,0.022069096922984255,925.2956366432226,934.5757636005028,1.2437070942961683,4,13,2987.6631802367087,3643.0,2987.6627910227035,2987.867112547152
0.10241076495883816,0.12384664674483581,144700,144706,0.02059908692941695,288.96518737424805,285.359389862513,1.2540858922334903,3541,3546,3065.6720849711055,3643.0,3065.671129906834,3065.7937212157194
,0.07703003191761665,,,0.0061420840718357204,31.90774052029679,,,,,3010.601700498925,,,
,0.014752279342133906,,,0.03265379776256663,40.59588933642078,,,,,3067.1383548051463,,,
0.2148266498696627,0.4127174020766048,144708,144714,0.03327266300437845,980.1600695446112,977.2176764893811,1.6183607542796008,3548,3554,3065.8388738239396,3643.0,3065.8345850884507,3065.9571764152643
0.004104425757401442,0.019235405030314578,144782,144786,0.020750797872248598,26.316345848130908,21.356449034213956,1.6060978758387543,3605,3609,3067.351512789498,3643.0,3067.3465461310334,3067.428273892685
,0.12686507785326198,,,0.008959355837848773,41.810949906190835,,,,,2987.9532789478203,,,
,0.20829707526104568,,,0.000872899526345736,0.35429129809044024,,,,,2999.4839106395784,,,
0.09233289554068125,0.1731646819875488,140902,140909,0.032571287741059336,350.72291777360215,357.75219793599297,1.6006751333327782,22,29,2988.082262293539,3643.0,2988.071434018988,2988.2144590182143
0.1341561896516883,0.4250626259854279,143713,143723,0.02384430974709709,661.0720453061355,653.3609004347588,1.7742237703467454,2663,2672,3045.5110162909273,3643.0,3045.5050034969972,3045.709319788868
,0.047937140158061185,,,0.02656025071724632,78.94494455514764,,,,,3065.762719207255,,,
,0.37006408862349344,,,0.00590790644369769,86.44048679504472,,,,,3066.8862536742135,,,
0.281416881225069,0.3677815586367718,144795,144809,0.0308043828902501,1025.9482968828484,1051.1572443721745,1.56915665398881,3617,3631,3067.6140427204778,3643.0,3067.612161053803,3067.8982080667774
,0.42332173277439994,,,0.03326517869759771,1385.9560145275534,,,,,2987.9484571583184,,,
,0.1503622106707519,,,0.007481382093224323,38.29562082149336,,,,,3031.066814701748,,,
,0.24175984121505736,,,0.024012181769169954,257.74702744791165,,,,,3065.4900141673556,,,
,0.4374504011098163,,,0.020638841081358827,976.4398148033856,,,,,2987.8656428025556,,,
,0.015296407029189952,,,0.0029084840621444647,0.3077331935499951,,,,,2999.3326598380386,,,
,0.1895995987860489,,,0.02779232588328503,378.3461238955965,,,,,3064.8670483859196,,,
,0.2811672783398515,,,0.023289213011397566,0.0,,,,,3068.1354800992203,,,
0.09724217077135311,0.231739291508586,142400,142418,0.021527034496878195,315.0475731147171,360.46261559907276,1.5907668628525464,1425,1442,3018.771216595481,3643.0,3018.6783301616306,3019.046099483363
0.20102295814372262,0.4895118779672418,144661,144675,0.03267845288856301,1172.5919321822812,1166.3528038879585,1.92173919730404,3505,3518,3064.880590936649,3643.0,3064.8742866206157,3065.1603328288184
0.13071658584771395,0.2780540903050331,144740,144749,0.02465321105504067,450.6288100226101,446.7709069003096,1.4639667873283122,3566,3575,3066.500038078819,3643.0,3066.488405853117,3066.6722929563693
,0.147644769640257,,,0.024096823086011247,145.47256698822682,,,,,2988.179012780414,,,
0.13339600240190985,0.49494912660968815,140906,140909,0.008029727396195438,327.1839578762239,329.2143652073717,1.1003201556436282,26,29,2988.154896441495,3643.0,2988.153162593102,2988.2144590182143
0.1092624937985236,0.25317728252677824,144757,144767,0.02806512122681751,549.8501622138557,540.4983358504096,1.7250146866239526,3582,3591,3066.840164155654,3643.0,3066.835748184676,3067.0400673546246
,0.17992400719660956,,,0.03286582804458463,563.7504219016774,,,,,3012.0578091381535,,,
,0.05348857801855814,,,0.010330088950232514,99.88532766576895,,,,,3065.42546198707,,,
0.08387844990282445,0.44874138538007063,144761,144767,0.014189502817136945,384.03114854451394,379.214867715579,2.017594183601049,3586,3591,3066.9225655149407,3643.0,3066.917475908136,3067.0400673546246
,0.0789798070133514,,,0.024379840840590705,105.81797600821473,,,,,2988.0184908946426,,,
,0.29887459998349813,,,0.027728733557016796,836.0030161751658,,,,,3059.4793975960906,,,
,0.11491895464734846,,,0.010938049538280639,17.61924401532796,,,,,3064.9841761656376,,,
0.31060473795053345,0.36583072750089535,140897,140905,0.018068098749608512,853.6325573374206,862.5338712916429,1.2681642818374617,18,25,2987.969970439106,3643.0,2987.96927328936,2988.1327304501538
,0.41935274825672125,,,0.022498880566717786,932.3101963484928,,,,,3063.008054500252,,,
,0.011450582335587375,,,0.0020889239958698054,0.28689637250663164,,,,,3065.107966128263,,,
,0.11906602973646366,,,0.008523192029172807,49.03730765174987,,,,,3067.295835728364,,,
,0.4253391097566926,,,0.00825856967149237,281.02831513401804,,,,,2987.7466886598686,,,
,0.3801706188229088,,,0.006337901077507682,543.2006626790742,,,,,3031.4064494766085,,,
,0.1739651471102338,,,0.018497800065742157,80.6433462753735,,,,,3064.986264879675,,,
,0.483432761684057,,,0.020183007923169984,1224.2835069195846,,,,,3067.1420070392974,,,
,0.0009453198273233625,,,0.015602765068368931,1.434830407714922,,,,,2988.067991565265,,,
,0.22657630636787107,,,0.023294109610978997,464.60956400560053,,,,,3011.4213059275626,,,
,0.09823967230202817,,,0.012459920949485571,175.32479884198492,,,,,3065.281868475877,,,
,0.27936974638558676,,,0.003967843046805287,37.3550882830114,,,,,3067.6835738317413,,,
,0.006266431135383534,,,0.0023403917695810563,1.2100662488570932,,,,,2988.128347895307,,,
,0.46019570559982204,,,0.003745007203176282,24.558457013304,,,,,2994.7573140323616,,,
,0.10654141588651864,,,0.02102497138018346,155.88106803811905,,,,,3065.663005327571,,,
,0.058859282030124485,,,0.002032870276608984,10.55594474575858,,,,,3067.1381803684626,,,
0.10762752825369781,0.23839136950749026,144704,144714,0.028336101913007086,515.499958119496,510.2858028899664,1.6846510803805468,3544,3554,3065.757114221402,3643.0,3065.7528575446195,3065.9571764152643
,0.156261907343188,,,0.027268502854438288,361.334234244946,,,,,2988.130948465405,,,
,0.4020372247195257,,,0.001194118038443325,0.48376304255282415,,,,,2990.408048041092,,,
,0.21821611217568343,,,0.004366542992810994,61.86294167183459,,,,,3067.565291910724,,,
0.08643463224397507,0.15258290652363274,144578,144587,0.032490458389668804,352.47328052366606,341.0904452514957,1.6518696437707785,3458,3466,3063.190601652767,3643.0,3063.1784421845878,3063.362328759322
0.08099215073711985,0.44898265048814334,144709,144714,0.011868816853583255,316.9755893066041,314.8415570748846,1.407191192172542,3549,3554,3065.858080904998,3643.0,3065.8550169752853,3065.9571764152643
,0.48805197550473756,,,0.0332508142986523,1570.3322196469321,,,,,2987.846358859833,,,
,0.01213887043884313,,,0.027069751223770304,30.20403573539148,,,,,3067.466728873968,,,
,0.027900234290431484,,,0.000735694957977585,2.391855696097668e-05,,,,,2988.1559587487,,,
,0.1167593754140372,,,0.019795469576252972,88.6915223943901,,,,,3000.760431797941,,,
,0.029857815348779966,,,0.02955652150703782,55.02594707451573,,,,,3065.7431596730994,,,
,0.36478405000475667,,,0.030777610409615457,1010.0254198795893,,,,,3066.4045161676063,,,
0.2356241158473631,0.39543646774130153,141285,141299,0.030139864698840595,857.039286939289,871.1987942184453,1.5704863155113935,372,386,2995.9103287884477,3643.0,2995.896910177682,2996.1829574837902
0.1556915580404057,0.2348339725290649,144710,144714,0.032717397439811134,441.90356256609414,439.92920438283676,1.2239720593253025,3550,3554,3065.8900520612947,3643.0,3065.8754488625855,3065.9571764152643
0.09201769927748082,0.42313189700569864,144761,144768,0.016637056074499813,469.55985288505593,465.0287208127313,2.1187178324345877,3586,3592,3066.9226319508034,3643.0,3066.917475908136,3067.060499263578
,0.3248392550454643,,,0.00684420974636472,41.1599242665544,,,,,2987.7650804796385,,,
0.07863576836703956,0.10819211805485046,144084,144092,0.03205838657938872,310.14294563801667,268.73042022985373,1.433761291692556,3001,3008,3053.0872468187526,3643.0,3053.085148821883,3053.248602479158
0.08363520233942112,0.43492133744146494,144663,144669,0.014393465081835689,303.1103478046196,297.673204940515,1.496422339261276,3507,3512,3064.920425702918,3643.0,3064.915150260291,3065.0377415879193
,0.23158850743400017,,,0.0066379910101421235,80.57599656784356,,,,,2988.042712940855,,,
,0.00020721039548764355,,,0.025721338434561116,0.388484005592717,,,,,3068.06478282463,,,
0.01540400860154234,0.026069481856350496,140905,140909,0.031613718577414227,55.921276809285075,58.713576903293955,1.4602807920017673,25,29,2988.1362454140262,3643.0,2988.1327304501538,2988.2144590182143
,0.24572863928776595,,,0.013973320350605478,89.27785776866573,,,,,3010.8078679409723,,,
,0.45451675575728395,,,0.012368226291528806,381.57273314565356,,,,,3065.6433936272983,,,
,0.13645007690074532,,,0.009241260374019773,46.418406692411274,,,,,3066.270326717642,,,
0.05229975549157562,0.17613823079611293,141656,141663,0.022100912460328387,237.57438620849885,228.1015093805001,1.6434437774122406,727,734,3003.483273969527,3643.0,3003.4771400032187,3003.6201626895054
,0.30085111693020555,,,0.029261655228205005,694.8603305709579,,,,,2987.8507972414386,,,
,0.396312765902044,,,0.007928058371250685,21.538072592696786,,,,,3065.2260495443684,,,
,0.04697704696865273,,,0.003924130912870083,0.2680793386462985,,,,,3066.701180956644,,,
0.027966011412107417,0.10507144589390749,144658,144664,0.01923283502326684,111.30802703472709,106.20780900938752,1.5371146415056622,3502,3508,3064.8192257482888,3643.0,3064.8129910139032,3064.9355822308207
,0.11651319346737345,,,0.010049501989911114,83.8647121693435,,,,,2988.106011907199,,,
,0.38421016007189684,,,0.02110608232737354,982.6934919609017,,,,,2997.041098813132,,,
,0.4747012969705658,,,0.008884222446365669,499.36252542058764,,,,,3067.0984850946297,,,
0.06967735068555436,0.09568095794441953,142079,142086,0.033152216960305764,280.9886671314215,252.49899854143166,1.504352260391855,1124,1131,3012.1219107922825,3643.0,3012.1197695303126,3012.262791327179
,0.2379405578196344,,,0.013699054322500587,190.35090225044195,,,,,2987.8783670877347,,,
,0.48792689507141923,,,0.029687024328855713,1233.03234074849,,,,,3065.770286488613,,,
,0.4406099414922026,,,0.02781737190386784,1004.3749401010218,,,,,3067.5056813190477,,,
0.05166336721609377,0.09411979563825033,144808,144813,0.01486899613820123,141.35323085178925,156.00494443351872,1.353798406628385,3630,3634,3067.894203699295,3643.0,3067.8777762419923,3067.9799358703385
,0.05465471821065972,,,0.0006689574232558283,12.351282333166669,,,,,2987.8456065350756,,,
,0.3531069336758576,,,0.021358481545997798,845.0584286285971,,,,,2993.8733073036797,,,
,0.1198179921088376,,,0.03058322034122005,185.8128082067737,,,,,3065.920148500153,,,
0.03591772563424733,0.0706479256116281,144695,144704,0.031049791892709833,147.20461144218714,148.64962687789608,1.6925333499415356,3536,3544,3065.579238114805,3643.0,3065.568970492932,3065.7528575446195
0.07134671762651479,0.255862038839853,144742,144749,0.02007373686802907,289.3170790693758,285.18808342178187,1.602076037161506,3568,3575,3066.5356700438247,3643.0,3066.529269651226,3066.6722929563693
,0.3403300859996651,,,0.01850752892776805,434.4678135715345,,,,,2987.6551495568006,,,
,0.46121943576529806,,,0.001662119562047129,335.3694689778426,,,,,3018.3711392627883,,,
0.48134027142021707,0.49216283290325846,143147,143157,0.023332214778964532,1309.4360516115876,1303.9339202047183,1.227478476770028,2141,2151,3033.9408555337886,3643.0,3033.940723606902,3034.145039167335
,0.18991071833213224,,,0.015313631321372258,188.49123231262593,,,,,2987.7146488466647,,,
,0.4634918289082879,,,0.010849107705727983,349.90871113780014,,,,,3065.5010014445747,,,
,0.12099928093692318,,,0.00472235953035631,18.203692097814216,,,,,3066.4768191032076,,,
0.09145486544846682,0.270900366187763,141925,141935,0.027383085262145366,537.6062222430597,533.5332006511698,1.8223802263367836,979,988,3008.9786236620253,3643.0,3008.9732864646576,3009.1776037243544
,0.2584387064467133,,,0.004762288473128291,57.751099458700715,,,,,2988.1652093420284,,,
,0.20758647674320196,,,0.006616020078562858,322.49961711863574,,,,,3065.588850936787,,,
,0.2004933858863539,,,0.004014991692068546,238.87506485034265,,,,,3067.8770407622187,,,
,0.2707660298216073,,,0.022926309337463962,714.1306449637732,,,,,2987.6217774637207,,,
,0.26288923242824974,,,0.02192752146684725,577.3235512511405,,,,,3038.045370886922,,,
,0.21271710286393933,,,0.008921768871897513,75.09202109186813,,,,,3065.0047703089385,,,
,0.2272623281987748,,,0.02577186586865775,517.3429570885596,,,,,3066.444264333563,,,
,0.10053083841077538,,,0.0025534431204861153,0.0,,,,,2988.1995130119303,,,
,0.17287169800531232,,,0.02316963111120051,318.3760036552153,,,,,3022.7386043294728,,,
,0.12434608622510551,,,0.020442687043118572,322.2158910919351,,,,,3065.6711017998064,,,
,0.3449538483517838,,,0.018300731580916156,713.8562441040931,,,,,3066.9772831738874,,,
0.06036423020139492,0.4739794656112781,141486,141490,0.010364512026973064,203.6278942082339,200.23987416379563,1.3589282663794062,567,571,3000.0073673384472,3643.0,3000.00372600479,3000.085453509513
,0.11911763539860275,,,0.027187180323918803,313.049060201062,,,,,2987.6813436153307,,,
,0.13257450715065883,,,0.030745848142900503,186.12694980213445,,,,,3064.997919535478,,,
,0.14799730589519786,,,0.025289070120207778,340.9691802252306,,,,,3066.485542251105,,,
,0.29800702460575296,,,0.02748632550722877,0.0,,,,,2988.208051622974,,,
,0.3599246287499929,,,0.03146332551633271,902.7499207060129,,,,,2994.4826076199447,,,
,0.08167420820943849,,,0.012414139173387087,65.3728406413181,,,,,3065.7451771598994,,,
,0.22742577618095924,,,0.0023718626447947182,27.847194074986938,,,,,3067.2993567326885,,,
0.17743303594684523,0.30802821762071253,144709,144714,0.029133883235751185,546.3697731538051,544.2331903069958,1.3137923777453206,3549,3554,3065.8682428100483,3643.0,3065.8550169752853,3065.9571764152643
,0.4359868512089646,,,0.02408200077141239,1045.4307378253675,,,,,2987.7212780333375,,,
,0.0817766852979203,,,0.005570893121322634,14.985037442004542,,,,,3027.410879957846,,,
,0.37988782818472233,,,0.027010846512896064,1091.4484776011652,,,,,3066.304422956489,,,
,0.03992410613596624,,,0.013578109127170843,24.10930088460274,,,,,2988.0378346073135,,,
,0.42324501927763686,,,0.004686320305624121,77.07053080327466,,,,,2998.808762507941,,,
,0.4047128111995959,,,0.0187770199652727,641.4877930291445,,,,,3065.012588034727,,,
,0.029836185357253114,,,0.029215750230887714,85.81026268603405,,,,,3067.9125432218752,,,
,0.39812952275913716,,,0.02458576751770117,413.5411686031961,,,,,2988.188204458653,,,
,0.23674768605771493,,,0.032454456755201075,685.7798602767012,,,,,2993.544940286995,,,
,0.15449629511256446,,,0.002676226622026692,5.004667274294517,,,,,3065.8618985951853,,,
,0.21923130229087393,,,0.00023248440329211962,7.172732017313503e-11,,,,,3066.3336368520404,,,
,0.45469809800450783,,,0.025675010213759415,742.715820649608,,,,,2988.194520318531,,,
,0.10533393828633902,,,0.017072218097748924,211.880141717382,,,,,3048.629659893376,,,
,0.421437969120978,,,0.001736012231011241,734.7315842590364,,,,,3064.9151560080945,,,
,0.03789822110424423,,,0.02365001402977461,91.14298521618022,,,,,3067.9990932656306,,,
0.1309125297560867,0.14723186797300067,144737,144742,0.01583196090601008,309.8487022604275,307.38295796830096,1.081169486769328,3563,3568,3066.4275711795854,3643.0,3066.427110158853,3066.529269651226
,0.48517363030067,,,0.0077271170158503474,128.95820772500895,,,,,2987.608366980966,,,
,0.32268925350131994,,,0.024966131606881495,688.3599410541945,,,,,3046.2765413969937,,,
,0.03205688680935858,,,0.023488464822056503,46.62233837069655,,,,,3065.5792891197725,,,
,0.4748315442414336,,,0.006012811942800753,168.5354364844754,,,,,2987.9008908494825,,,
,0.07686945082283968,,,0.0025413243943918818,1.750770892515847,,,,,3034.804819050683,,,
,0.4153750347344852,,,0.006857408403375299,147.82637613438143,,,,,3065.519647002455,,,
,0.16042149459723398,,,0.0298897565803576,407.87493246109494,,,,,3067.710931964337,,,
0.014198107367549895,0.049797336621846794,142071,142075,0.019421828266843404,51.70535578119558,45.22735368997735,1.3263255297809478,1116,1120,3011.9639912462644,3643.0,3011.9563160333346,3012.0380427836863
,0.22728960765463474,,,0.0095702298534766,206.45604696869566,,,,,2988.128620022656,,,
,0.036887616200452146,,,0.0013260462080681278,0.00955241850630018,,,,,3065.285171733608,,,
,0.47473894509931314,,,0.006192104741690164,319.9923125977132,,,,,3067.404045328116,,,
0.08981041536552858,0.4271013513687207,140888,140895,0.016414553666948613,381.0231844719512,375.48418019422354,1.5730644048242357,9,16,2987.7902951202695,3643.0,2987.7853839437084,2987.9284089941502
,0.15491856039741406,,,0.012756632680498566,185.10017563060654,,,,,3052.631495447406,,,
,0.1661409157516877,,,0.019624446713660364,263.60020827275326,,,,,3065.5228747769866,,,
,0.023901539162767018,,,0.0004964715883958739,1.191057402871946e-06,,,,,3067.005196426443,,,
0.050292055185115814,0.08953708919070785,144747,144752,0.01773125869421107,153.0047911985591,147.8097552477072,1.2735538262435522,3573,3577,3066.6335116993196,3643.0,3066.631429152905,3066.7335886641376
,0.15312462853082137,,,0.024035854406923705,222.92736494080862,,,,,2987.8543673016475,,,
,0.08660005157150018,,,0.008390960424135497,69.009196614825,,,,,2989.9266060789373,,,
,0.06191734289520303,,,0.001515838796469521,44.326925797918584,,,,,3065.650949550758,,,
0.1762843212578964,0.43520684636652607,144736,144747,0.02702601461408064,743.140438685379,737.6750262638915,1.7045239800855665,3562,3573,3066.4151633607944,3643.0,3066.4066781615475,3066.631429152905
,0.25535394225597746,,,0.0024680914971742973,0.0,,,,,2988.2109796210466,,,
,0.10415498988459021,,,0.02267946875610921,183.66717021533876,,,,,3009.171975810506,,,
,0.37522731745143234,,,0.01935203328796834,833.1720177014109,,,,,3065.0979272423074,,,
0.14463280858486938,0.26122128856151966,140884,140896,0.0329544411958243,720.6212818846523,714.4809976136784,1.8360509713570559,6,17,2987.707613586768,3643.0,2987.703655231875,2987.9488411422208
0.10941934214447291,0.1997396248945683,144662,144673,0.031283648192031555,512.7585834346256,505.1070282595865,1.7245479954548228,3506,3516,3064.898501170376,3643.0,3064.894718390453,3065.119469080295
,0.4851375441075132,,,0.023816144900557116,809.6267688454725,,,,,3034.648463945688,,,
,0.021949520182689572,,,0.023221531485928308,29.160068796550085,,,,,3068.0967112891603,,,
0.10856977511268728,0.2482812955898774,144684,144695,0.031513887763467065,537.8273245478683,525.9594937565945,1.8396449767650178,3526,3536,3065.3522098477656,3643.0,3065.344219814382,3065.568970492932
,0.19456929625230523,,,0.023405049584040046,282.29333775231345,,,,,2987.8943006418426,,,
,0.18461480787405585,,,0.0012877152094989226,26.949663704000812,,,,,2998.059680812246,,,
,0.16191422621698798,,,0.018665553471606314,349.40433635849894,,,,,3067.913188297899,,,
0.09043752067908972,0.26989657938501643,144743,144752,0.025777871128058846,474.5186585754635,466.83923944247886,1.7628608819394167,3569,3577,3066.5555063939596,3643.0,3066.549701550859,3066.7335886641376
,0.0009270159981741408,,,0.020018887299795677,1.0989597097895705,,,,,2988.0205861732215,,,
,0.022144158952084728,,,0.009352590697660323,15.962104894323385,,,,,3056.25411700675,,,
,0.20999174957435265,,,0.012871881300693078,148.91495965243837,,,,,3065.845455808342,,,
,0.02956098606701147,,,0.003142500229306086,15.712516284222666,,,,,2988.1715397064013,,,
,0.019666370293316558,,,0.019776220187038954,33.83603704063808,,,,,3056.2478219237973,,,
,0.13383058171373272,,,0.02027778596612486,187.27302476361365,,,,,3064.8258543357415,,,
,0.25748921630683386,,,0.013077737551544188,332.52324580741634,,,,,3066.6479204599573,,,
0.2719221155386631,0.41631513896274963,144742,144755,0.03093999580886772,980.8927283801089,981.0689217450469,1.5332486499822275,3568,3580,3066.5439512814078,3643.0,3066.529269651226,3066.794884375384
,0.051666775312361274,,,0.009277018224368777,26.752122062596275,,,,,2987.674574381243,,,
,0.34161840291149176,,,0.0028829228566623257,16.081731932908408,,,,,3008.7562814535745,,,
,0.014208218281551244,,,0.0007696974411247581,2.8660089692597076e-05,,,,,3065.531270612859,,,
0.11736468964274649,0.3070775503745278,144779,144790,0.030641254653507425,685.2556724739586,677.7005422806196,1.848379388101479,3602,3612,3067.2910705967265,3643.0,3067.2852503888134,3067.5100014603886
,0.29179378604079576,,,0.00596304478695999,90.97665541506056,,,,,2987.77731652855,,,
,0.2295680362152889,,,0.0030433532202689107,16.7555036916847,,,,,3053.5236244197204,,,
,0.4733607568665987,,,0.005173941650583348,57.222366094319995,,,,,3064.8593610819485,,,
0.03181058677744475,0.07733210538038254,140900,140906,0.022731103151092735,105.28572366440915,110.80872185835115,1.4549394029759595,20,26,2988.0407470652112,3643.0,2988.0305697289077,2988.153162593102
,0.11742431976784325,,,0.03237476956886909,295.05945512577915,,,,,3041.556417678417,,,
,0.3110547049793307,,,0.012272715424182254,249.0464254288298,,,,,3065.5614362217448,,,
,0.45764508730462605,,,0.010133666474473186,300.4509736579215,,,,,3066.6808199778675,,,
0.2713496234633459,0.49497879236152714,142815,142826,0.030603665289178406,1044.5085888726842,984.4315805644331,1.5397040913918993,1823,1834,3027.1696283492884,3643.0,3027.1574422658814,3027.3821894553475
0.33972012151856035,0.4370212404628596,144676,144683,0.01776767295635411,918.398067847838,913.6056029865,1.226386291757386,3519,3525,3065.181782401803,3643.0,3065.1807647035384,3065.3237879368608
0.3702197675983916,0.48568692703999194,144738,144750,0.03239301910944186,1404.0342099004142,1393.412910397294,1.5691820993670764,3564,3576,3066.449536551062,3643.0,3066.4475420566305,3066.6927249585715
,0.38627334581777867,,,0.009249115065677728,330.46208389746914,,,,,2987.8627893173925,,,
