_RAJ2000,_DEJ2000,Source,Cluster,RA_ICRS,DE_ICRS,Gmag,plx,e_plx,_RA.icrs,_DE.icrs,RAJ2000_epoch2000,DEJ2000_epoch2000
64.87461,21.75372,49520255665123328,Hyades  ,64.87461,21.75372,12.860999999999999,20.866,0.033,64.87461,21.75372,64.87410339674138,21.753883599402776
60.20378,18.19388,49729231594420096,Hyades  ,60.20378,18.19388,5.79,21.789,0.045,60.20378,18.19388,60.2031912442454,18.194000075729868
59.80696,20.42805,51383893515451392,Hyades  ,59.80696,20.42805,12.57,22.737,0.006,59.80696,20.42805,59.80634314281168,20.428207412344648
66.06127,21.73605,145373377272257664,Hyades  ,66.06127,21.73605,6.99,23.109,0.003,66.06127,21.73605,66.06072311639852,21.736245800197
67.00371,21.61972,145391484855481344,Hyades  ,67.00371,21.61972,5.643,19.968,0.067,67.00371,21.61972,67.00326388687628,21.61990347695107
65.8435,21.37893,145325548516513280,Hyades  ,65.8435,21.37893,8.639,19.878,0.027000000000000003,65.8435,21.37893,65.84304085636344,21.379098189219764
66.35475,22.1998,145484629809228544,Hyades  ,66.35475,22.1998,5.194,22.113000000000003,0.094,66.35475,22.1998,66.35423669910918,22.200001623281683
66.57755999999999,21.470270000000003,145293181643038336,Hyades  ,66.57755999999999,21.470270000000003,7.224,20.666999999999998,0.04,66.57755999999999,21.470270000000003,66.57707760539896,21.4704327067106
66.58044,21.46875,145293181643038208,Hyades  ,66.58044,21.46875,15.087,20.94,0.024,66.58044,21.46875,66.57994902995172,21.468922573241546
66.81981999999999,17.24172,3313778207594395392,Hyades  ,66.81981999999999,17.24172,12.144,21.732,0.022000000000000002,66.81981999999999,17.24172,66.81933122940974,17.241851312891928
66.57982,17.05048,3313751441358252160,Hyades  ,66.57982,17.05048,16.365,21.093000000000004,0.121,66.57982,17.05048,66.57935908706207,17.050600365565842
65.85491,16.77715,3313842529024545664,Hyades  ,65.85491,16.77715,5.564,20.52,0.059000000000000004,65.85491,16.77715,65.85443320516596,16.777266364876553
66.09325,17.07884,3313947704182762240,Hyades  ,66.09325,17.07884,6.8389999999999995,19.595,0.017,66.09325,17.07884,66.09280567499178,17.07895547392605
66.25144,16.98479,3313759000500605056,Hyades  ,66.25144,16.98479,9.968,18.257,0.02,66.25144,16.98479,66.25102963001221,16.984897565115606
66.02450999999999,17.44399,3313978112552491136,Hyades  ,66.02450999999999,17.44399,4.724,21.674,0.146,66.02450999999999,17.44399,66.02400512126442,17.444132532801788
74.93506,15.9166,3393284752392701312,Hyades  ,74.93506,15.9166,6.627000000000001,22.461,0.03,74.93506,15.9166,74.93467326743317,15.916732922854527
71.13217,23.94088,147022541634235392,Hyades  ,71.13217,23.94088,14.23,19.547,0.03,71.13217,23.94088,71.13176591192683,23.941085765331174
72.97270999999999,24.60989,147118233505518976,Hyades  ,72.97270999999999,24.60989,15.845,20.973000000000003,0.036000000000000004,72.97270999999999,24.60989,72.97230328519609,24.610122527141925
72.30451,24.80261,147182172683187712,Hyades  ,72.30451,24.80261,9.227,20.153,0.016,72.30451,24.80261,72.30410830333453,24.80284103988696
66.97162,20.98134,144512287869179136,Hyades  ,66.97162,20.98134,17.647000000000002,18.817,0.045,66.97162,20.98134,66.97119171970043,20.981500391349236
68.40541999999999,21.15065,144377799556207488,Hyades  ,68.40541999999999,21.15065,10.199,22.835,0.013999999999999999,68.40541999999999,21.15065,68.40491913804895,21.15085115550085
68.12299,20.73538,144338187075686016,Hyades  ,68.12299,20.73538,15.071,17.064,0.099,68.12299,20.73538,68.12263137497465,20.7355042253444
75.82986,3.84038,3238530414929634304,Hyades  ,75.82986,3.84038,15.589,21.598000000000003,0.035,75.82986,3.84038,75.8295283415797,3.8403232107862224
69.27192,20.718020000000003,3411274308810562688,Hyades  ,69.27192,20.718020000000003,14.024000000000001,17.408,0.044000000000000004,69.27192,20.718020000000003,69.27155652177949,20.71815213943044
53.209419999999994,23.69202,68001499939741440,Hyades  ,53.209419999999994,23.69202,8.635,23.765,0.022000000000000002,53.209419999999994,23.69202,53.20866208165197,23.69218718177597
54.13098000000001,22.78229,67696694700442624,Hyades  ,54.13098000000001,22.78229,12.979000000000001,25.758000000000003,0.09,54.13098000000001,22.78229,54.13018801001649,22.782484685781746
69.77606999999999,7.870989999999999,3292227607891547264,Hyades  ,69.77606999999999,7.870989999999999,5.308,20.305,0.08900000000000001,69.77606999999999,7.870989999999999,69.77566281603539,7.8709884069673155
70.43001,8.438080000000001,3292367795624174720,Hyades  ,70.43001,8.438080000000001,15.502,23.628,0.079,70.43001,8.438080000000001,70.42956870239817,8.438088527432491
70.42948,8.43925,3292367795624174592,Hyades  ,70.42948,8.43925,14.102,23.559,0.034,70.42948,8.43925,70.42901921236644,8.439259058627135
53.54486,22.0724,64552022725337856,Hyades  ,53.54486,22.0724,14.61,28.054000000000002,0.049,53.54486,22.0724,53.543991658952564,22.072587841450407
59.81286,6.22792,3273807936268126464,Hyades  ,59.81286,6.22792,14.549000000000001,18.430999999999997,0.046,59.81286,6.22792,59.81237794475178,6.2278801043982766
69.29168,12.10546,3306443434245315200,Hyades  ,69.29168,12.10546,14.828,19.555999999999997,0.046,69.29168,12.10546,69.29128810793625,12.105508938966073
68.96611,12.255510000000001,3306634646189021440,Hyades  ,68.96611,12.255510000000001,17.518,19.73,0.006999999999999999,68.96611,12.255510000000001,68.96570509762269,12.255563535063812
67.81745,12.20008,3306588707218380288,Hyades  ,67.81745,12.20008,14.404000000000002,22.055999999999997,0.013000000000000001,67.81745,12.20008,67.81697582712616,12.200140755293884
69.53989,12.510769999999999,3306483944376792832,Hyades  ,69.53989,12.510769999999999,4.188,22.866999999999997,0.205,69.53989,12.510769999999999,69.53942356871951,12.510831061862302
68.18961999999999,12.06661,3306592418070112384,Hyades  ,68.18961999999999,12.06661,13.764000000000001,20.521,0.02,68.18961999999999,12.06661,68.18919575154297,12.066669590092564
65.48338000000001,23.41806,148867315986268672,Hyades  ,65.48338000000001,23.41806,12.458,23.085,0.017,65.48338000000001,23.41806,65.48282462862814,23.41828076015749
65.32064,23.19773,148792171240741120,Hyades  ,65.32064,23.19773,15.25,19.9,0.040999999999999995,65.32064,23.19773,65.32015305595124,23.19792865531747
64.54541,23.284489999999998,148946068508277888,Hyades  ,64.54541,23.284489999999998,9.16,18.442999999999998,0.044000000000000004,64.54541,23.284489999999998,64.54496497126078,23.284656459853775
63.63521,23.57474,149005270337201792,Hyades  ,63.63521,23.57474,7.882999999999999,21.846,0.023,63.63521,23.57474,63.6346432088087,23.574943896504518
55.22964,19.49635,57083830512424448,Hyades  ,55.22964,19.49635,17.086,24.71,0.044000000000000004,55.22964,19.49635,55.22889525599949,19.496488602545856
62.15144,23.768420000000003,53942250914697472,Hyades  ,62.15144,23.768420000000003,9.19,21.064,0.027000000000000003,62.15144,23.768420000000003,62.1508776614876,23.768611035672468
61.588119999999996,23.42405,53825771402706304,Hyades  ,61.588119999999996,23.42405,13.124,23.513,0.034,61.588119999999996,23.42405,61.58748208242557,23.424257029196514
64.74208,19.90654,49005581144118784,Hyades  ,64.74208,19.90654,8.415,21.274,0.015,64.74208,19.90654,64.74156032132005,19.906701605094266
65.41024,20.30261,49124190961270656,Hyades  ,65.41024,20.30261,14.774000000000001,26.671,0.043,65.41024,20.30261,65.40961727886159,20.302815936481267
64.76348,19.54417,48977371798954368,Hyades  ,64.76348,19.54417,13.977,23.267,0.063,64.76348,19.54417,64.76291307637753,19.544319459999148
70.71766,9.99639,3293856362569126400,Hyades  ,70.71766,9.99639,14.369000000000002,16.953,0.004,70.71766,9.99639,70.71733315097433,9.996417412374424
66.40561,8.59136,3287450745264292864,Hyades  ,66.40561,8.59136,15.97,22.721,0.105,66.40561,8.59136,66.40512365743382,8.591353253590077
67.27415,9.18246,3287587771900733440,Hyades  ,67.27415,9.18246,15.239,16.942999999999998,0.17,67.27415,9.18246,67.27379740474716,9.18246444503864
69.6813,21.73712,144833998098820992,Hyades  ,69.6813,21.73712,15.140999999999998,22.953000000000003,0.031,69.6813,21.73712,69.68080948872299,21.737331424372464
65.26773,3.26885,3283285795218796800,Hyades  ,65.26773,3.26885,9.148,26.943,0.021,65.26773,3.26885,65.2671358063501,3.268772603834743
64.6817,3.25504,3283238344419794304,Hyades  ,64.6817,3.25504,15.665999999999999,28.076999999999998,0.013000000000000001,64.6817,3.25504,64.68106500726691,3.2549536579689247
65.60495,3.6190300000000004,3283324415564687104,Hyades  ,65.60495,3.6190300000000004,12.793,27.721999999999998,0.049,65.60495,3.6190300000000004,65.60433127706847,3.618966955707293
55.4045,23.343529999999998,65103668325506560,Hyades  ,55.4045,23.343529999999998,12.757,24.006999999999998,0.028999999999999998,55.4045,23.343529999999998,55.403771304824154,23.343709168306923
73.19852,22.64708,3413223227530503168,Hyades  ,73.19852,22.64708,10.960999999999999,17.987000000000002,0.11599999999999999,73.19852,22.64708,73.19819261627609,22.647267666248062
71.85949000000001,23.05074,3413146914550583680,Hyades  ,71.85949000000001,23.05074,10.302999999999999,18.202,0.039,71.85949000000001,23.05074,71.85911696874194,23.05092267759164
64.53806,17.41613,47319961098840192,Hyades  ,64.53806,17.41613,14.729000000000001,21.776999999999997,0.044000000000000004,64.53806,17.41613,64.5375456982275,17.416254480958276
61.415890000000005,17.93759,47019347749289216,Hyades  ,61.415890000000005,17.93759,9.03,21.846,0.038,61.415890000000005,17.93759,61.41531253211172,17.937711716569424
64.77452,17.57303,47345490384536576,Hyades  ,64.77452,17.57303,15.912,17.948,0.151,64.77452,17.57303,64.77408451893051,17.57315079556862
61.586459999999995,19.02735,47247938791363200,Hyades  ,61.586459999999995,19.02735,14.524000000000001,18.747,0.022000000000000002,61.586459999999995,19.02735,61.58596620857151,19.027472840535253
60.72186,18.40718,47109438983082496,Hyades  ,60.72186,18.40718,13.866,21.831,0.02,60.72186,18.40718,60.72128002021425,18.407308686951907
64.78388000000001,17.52463,47345009348203392,Hyades  ,64.78388000000001,17.52463,8.27,21.299,0.019,64.78388000000001,17.52463,64.78336693201298,17.524755154609874
61.51002,18.25076,47068207297219584,Hyades  ,61.51002,18.25076,11.894,25.476,0.026000000000000002,61.51002,18.25076,61.50935232052184,18.250904650928877
71.90507,10.23297,3293176074109393152,Hyades  ,71.90507,10.23297,13.742,18.967,0.023,71.90507,10.23297,71.9047092806111,10.233002590543334
75.01411,15.914670000000001,3393305093357807744,Hyades  ,75.01411,15.914670000000001,14.997,23.02,0.04,75.01411,15.914670000000001,75.01372016384025,15.914805220650727
80.50666,15.58175,3391006113328069632,Hyades  ,80.50666,15.58175,16.632,17.105,0.022000000000000002,80.50666,15.58175,80.50644626675593,15.581847792439914
75.31324000000001,17.69386,3407257105639932032,Hyades  ,75.31324000000001,17.69386,15.544,23.269000000000002,0.048,75.31324000000001,17.69386,75.31285157959525,17.694030213581062
75.23048,18.80723,3407395193133161728,Hyades  ,75.23048,18.80723,15.527999999999999,23.074,0.042,75.23048,18.80723,75.23009063013184,18.80741089718514
59.7278,25.21961,66286704180780672,Hyades  ,59.7278,25.21961,13.01,20.372,0.023,59.7278,25.21961,59.72722344668626,25.219800912302265
57.7637,23.90344,66482352830035840,Hyades  ,57.7637,23.90344,9.788,24.461,0.006,57.7637,23.90344,57.76297903130192,23.90365069118534
77.33211,9.82955,3290872562889409024,Hyades  ,77.33211,9.82955,5.3660000000000005,18.39,0.174,77.33211,9.82955,77.33185677470759,9.829582352718496
71.06205,5.73262,3282728853923029376,Hyades  ,71.06205,5.73262,18.028,21.264,0.254,71.06205,5.73262,71.06164481947125,5.732614884031936
73.09978000000001,10.719380000000001,3294522907134516864,Hyades  ,73.09978000000001,10.719380000000001,11.955,19.219,0.026000000000000002,73.09978000000001,10.719380000000001,73.09943071357411,10.719422499477783
69.49309000000001,4.66981,3282171749421655168,Hyades  ,69.49309000000001,4.66981,10.898,20.699,0.011000000000000001,69.49309000000001,4.66981,69.49267558291454,4.66976901537093
71.25126999999999,17.27199,3406246551373367168,Hyades  ,71.25126999999999,17.27199,16.207,16.319000000000003,0.059000000000000004,71.25126999999999,17.27199,71.25095127201186,17.272081010010364
71.25147,17.27216,3406246551373367296,Hyades  ,71.25147,17.27216,16.171,16.037,0.125,71.25147,17.27216,71.2511665918737,17.27226114965153
72.12805,16.3884,3405909374965722368,Hyades  ,72.12805,16.3884,11.649000000000001,20.758000000000003,0.03,72.12805,16.3884,72.12766604133346,16.38853463979638
72.76053,14.9712,3404798597640071296,Hyades  ,72.76053,14.9712,10.982000000000001,23.869,0.188,72.76053,14.9712,72.76009802781459,14.971300653811465
72.6413,15.08335,3404812685132622592,Hyades  ,72.6413,15.08335,7.556,20.958000000000002,0.136,72.6413,15.08335,72.64092004716397,15.08343342548458
72.84702,15.43339,3404850790082434176,Hyades  ,72.84702,15.43339,7.76,16.202,0.023,72.84702,15.43339,72.84672882510141,15.433465139910624
71.38604000000001,16.59814,3405952363294872960,Hyades  ,71.38604000000001,16.59814,15.319,18.784000000000002,0.057,71.38604000000001,16.59814,71.38568700186758,16.598261356937115
72.50335,16.411939999999998,3405988677241799040,Hyades  ,72.50335,16.411939999999998,10.176,20.25,0.013999999999999999,72.50335,16.411939999999998,72.50297279357422,16.412060899179007
72.40278,17.03294,3406094750050845696,Hyades  ,72.40278,17.03294,14.786,19.812,0.023,72.40278,17.03294,72.40241585473528,17.033074856899162
65.88521,14.6704,3311148828615843328,Hyades  ,65.88521,14.6704,8.877,21.451,0.043,65.88521,14.6704,65.88472153617079,14.67047834515872
63.79388,14.39838,3311492803955469696,Hyades  ,63.79388,14.39838,10.93,20.844,0.023,63.79388,14.39838,63.79336794099754,14.398455388129785
66.52006,15.04129,3311179340063437952,Hyades  ,66.52006,15.04129,11.467,21.005,0.11599999999999999,66.52006,15.04129,66.51961009948552,15.041385553851
63.60736,14.624970000000001,3311514210073309056,Hyades  ,63.60736,14.624970000000001,8.29,20.259,0.068,63.60736,14.624970000000001,63.60687591433022,14.62503322750064
66.46066,15.00247,3311173120950799872,Hyades  ,66.46066,15.00247,14.779000000000002,21.215999999999998,0.017,66.46066,15.00247,66.46018823159001,15.002566373684424
66.52037,15.0408,3311179340062227200,Hyades  ,66.52037,15.0408,14.713,20.723000000000003,0.10400000000000001,66.52037,15.0408,66.5199191766053,15.040908958278749
64.482,14.54619,3311464182294287104,Hyades  ,64.482,14.54619,13.772,19.074,0.022000000000000002,64.482,14.54619,64.481545484351,14.546261771970242
64.1065,14.171320000000001,3311426420941869952,Hyades  ,64.1065,14.171320000000001,13.935,25.131999999999998,0.019,64.1065,14.171320000000001,64.105902167184,14.171410289078386
65.75676999999999,15.22812,3311229745799686912,Hyades  ,65.75676999999999,15.22812,15.172,20.809,0.05,65.75676999999999,15.22812,65.7562924747308,15.228208056322908
65.62765,15.220170000000001,3311232425859274368,Hyades  ,65.62765,15.220170000000001,13.466,18.167,0.027999999999999997,65.62765,15.220170000000001,65.6272349940227,15.220242680521652
65.2341,14.8595,3311120722349948672,Hyades  ,65.2341,14.8595,15.158,20.68,0.06,65.2341,14.8595,65.23360846632347,14.859590335736378
72.70775,18.14104,3406734906335151872,Hyades  ,72.70775,18.14104,16.393,21.445,0.027000000000000003,72.70775,18.14104,72.70734924157988,18.141192911478146
72.29651,17.715329999999998,3406697179343851136,Hyades  ,72.29651,17.715329999999998,13.014000000000001,16.999000000000002,0.023,72.29651,17.715329999999998,72.29619233838321,17.715433560668302
71.90695,18.25858,3406786445943961088,Hyades  ,71.90695,18.25858,8.34,20.721,0.091,71.90695,18.25858,71.90656177801914,18.25874807975353
66.33394,23.10849,146160558879786624,Hyades  ,66.33394,23.10849,12.04,18.688,0.01,66.33394,23.10849,66.33350124357766,23.108661054755412
68.2714,23.55483,146057617101593856,Hyades  ,68.2714,23.55483,14.943,19.68,0.127,68.2714,23.55483,68.27095005151557,23.555030786611393
63.70975,24.37685,149956519694104704,Hyades  ,63.70975,24.37685,15.743,19.723,0.018000000000000002,63.70975,24.37685,63.709253678840255,24.377038973209828
70.44565,7.2757,3289131211348832000,Hyades  ,70.44565,7.2757,14.513,18.779,0.055,70.44565,7.2757,70.44528761018623,7.275687370409868
78.10085,18.40221,3395542393360089728,Hyades  ,78.10085,18.40221,12.66,18.641,0.047,78.10085,18.40221,78.10058488563584,18.40236374679726
78.10043,18.402279999999998,3395542393361639424,Hyades  ,78.10043,18.402279999999998,12.578,18.873,0.063,78.10043,18.402279999999998,78.10013698154381,18.402420310705125
66.03146,22.118679999999998,145664777917536512,Hyades  ,66.03146,22.118679999999998,10.499,21.828000000000003,0.011000000000000001,66.03146,22.118679999999998,66.03094809686951,22.118868232432114
66.57743,22.81338,145727729254950912,Hyades  ,66.57743,22.81338,4.148,22.006999999999998,0.069,66.57743,22.81338,66.57692305100198,22.813584601607122
66.34284,22.29368,145674574739951872,Hyades  ,66.34284,22.29368,4.113,20.771,0.249,66.34284,22.29368,66.34236704330998,22.293871134148294
65.98971999999999,22.181379999999997,145668974102570624,Hyades  ,65.98971999999999,22.181379999999997,13.845,23.151999999999997,0.05,65.98971999999999,22.181379999999997,65.98918820801858,22.18159369014672
63.624790000000004,18.72989,48455894049191424,Hyades  ,63.624790000000004,18.72989,13.220999999999998,20.84,0.042,63.624790000000004,18.72989,63.62428391444475,18.73001665992382
63.68891,19.06384,48482454126911360,Hyades  ,63.68891,19.06384,14.995,19.105,0.023,63.68891,19.06384,63.68844203134965,19.06396193331409
62.77604,18.92897,48509186003340416,Hyades  ,62.77604,18.92897,14.219000000000001,19.738,0.015,62.77604,18.92897,62.775544273616326,18.929091070095254
64.41278,16.94773,45788547559850496,Hyades  ,64.41278,16.94773,8.097999999999999,21.33,0.025,64.41278,16.94773,64.41227434019821,16.947836116411082
62.37093,17.13168,45980377978968064,Hyades  ,62.37093,17.13168,15.378,19.891,0.047,62.37093,17.13168,62.37043168568147,17.131775383287525
62.04687,16.87296,45968901826385024,Hyades  ,62.04687,16.87296,10.819,24.965,0.038,62.04687,16.87296,62.0462244337302,16.873087930405866
63.895680000000006,16.76229,45770783575075968,Hyades  ,63.895680000000006,16.76229,13.999,20.906,0.038,63.895680000000006,16.76229,63.895180706192846,16.76239329379679
64.38492,16.94961,45789269114357632,Hyades  ,64.38492,16.94961,16.594,23.031,0.040999999999999995,64.38492,16.94961,64.38436775605294,16.94973347954114
64.00658,16.98297,45845378567048320,Hyades  ,64.00658,16.98297,13.78,21.663,0.053,64.00658,16.98297,64.00605123226384,16.983098248130773
68.17102,19.11334,3410640887035452928,Hyades  ,68.17102,19.11334,10.12,19.041,0.015,68.17102,19.11334,68.17060900376796,19.113480659988745
68.15819,19.046529999999997,3410639993682264960,Hyades  ,68.15819,19.046529999999997,13.765999999999998,23.191,0.018000000000000002,68.15819,19.046529999999997,68.15768261451235,19.046703033714767
69.27172,22.857129999999998,145168558871003776,Hyades  ,69.27172,22.857129999999998,17.347,20.897,0.042,69.27172,22.857129999999998,69.27126917735585,22.85732728043632
69.15894,23.04176,145218857232329472,Hyades  ,69.15894,23.04176,13.094000000000001,22.438000000000002,0.016,69.15894,23.04176,69.15845981757684,23.04197892162668
72.26745,8.98126,3292741835736351616,Hyades  ,72.26745,8.98126,15.979000000000001,23.361,0.021,72.26745,8.98126,72.26702778859834,8.981283779441872
70.2173,9.08758,3292663564251652608,Hyades  ,70.2173,9.08758,14.819,22.423000000000002,0.018000000000000002,70.2173,9.08758,70.21686900536213,9.087605053031636
67.93219,21.15447,144574788234755200,Hyades  ,67.93219,21.15447,15.879000000000001,16.537,0.043,67.93219,21.15447,67.93181604989081,21.154602288442877
67.9307,21.15309,144574788234755584,Hyades  ,67.9307,21.15309,15.944,16.41,0.037000000000000005,67.9307,21.15309,67.9303319329899,21.15321850123391
67.40634,21.66844,144663157183364864,Hyades  ,67.40634,21.66844,13.027000000000001,23.434,0.043,67.40634,21.66844,67.40582270952753,21.66864371894876
66.69895,21.234720000000003,144534724778235392,Hyades  ,66.69895,21.234720000000003,10.681,23.149,0.013000000000000001,66.69895,21.234720000000003,66.69842093632539,21.234921147150363
74.3273,21.60221,3412163946860515712,Hyades  ,74.3273,21.60221,15.392999999999999,16.222,0.043,74.3273,21.60221,74.32700973948171,21.602359970810145
74.06991,21.36703,3412131068887787776,Hyades  ,74.06991,21.36703,14.047,18.941,0.033,74.06991,21.36703,74.06956154893119,21.367198998471746
55.481919999999995,18.75981,44894472808190720,Hyades  ,55.481919999999995,18.75981,12.245999999999999,24.180999999999997,0.021,55.481919999999995,18.75981,55.48120795760601,18.75993579612041
65.75005,13.3162,3310348551653256448,Hyades  ,65.75005,13.3162,12.685,18.761,0.012,65.75005,13.3162,65.74962253929766,13.31625943749524
64.53589000000001,13.33109,3310478710637938560,Hyades  ,64.53589000000001,13.33109,14.082,20.756999999999998,0.012,64.53589000000001,13.33109,64.5354061919175,13.331163058990596
64.53628,13.33126,3310478710637066752,Hyades  ,64.53628,13.33126,13.955,20.805,0.039,64.53628,13.33126,64.53578995401851,13.331320551567213
64.67651,12.510639999999999,3310178784482082816,Hyades  ,64.67651,12.510639999999999,14.145999999999999,20.804000000000002,0.021,64.67651,12.510639999999999,64.67603013928702,12.51069299606096
70.15459,16.63564,3310131711641618816,Hyades  ,70.15459,16.63564,16.148,20.185,0.039,70.15459,16.63564,70.15418590311751,16.635751222926427
69.98326999999999,21.494229999999998,3411434528270795648,Hyades  ,69.98326999999999,21.494229999999998,12.747,16.115,0.013000000000000001,69.98326999999999,21.494229999999998,69.98293781972208,21.494365383669265
65.38235,21.039720000000003,49231668222673920,Hyades  ,65.38235,21.039720000000003,6.671,20.465999999999998,0.033,65.38235,21.039720000000003,65.38187064375414,21.039877323988016
65.6791,20.56999,49157794785448192,Hyades  ,65.6791,20.56999,13.462,21.95,0.115,65.6791,20.56999,65.67859524888763,20.57015155723141
63.886309999999995,20.80752,49341619383660288,Hyades  ,63.886309999999995,20.80752,16.022000000000002,22.923000000000002,0.07200000000000001,63.886309999999995,20.80752,63.885727175249215,20.807702820966465
63.927330000000005,20.81965,49365087086285184,Hyades  ,63.927330000000005,20.81965,7.635,20.775,0.065,63.927330000000005,20.81965,63.92682207567878,20.81979951176444
63.886269999999996,20.80729,49341619384983936,Hyades  ,63.886269999999996,20.80729,16.101,23.148000000000003,0.055999999999999994,63.886269999999996,20.80729,63.885696647975614,20.807455469486808
65.44162,20.39555,49131681384221952,Hyades  ,65.44162,20.39555,17.965,20.18,0.094,65.44162,20.39555,65.44114613094305,20.39569799895216
65.43535,20.40276,49131681384221184,Hyades  ,65.43535,20.40276,17.269000000000002,20.166,0.084,65.43535,20.40276,65.43488106685777,20.402903537639926
64.23606,20.87657,49324572659092992,Hyades  ,64.23606,20.87657,17.761,21.872,0.092,64.23606,20.87657,64.23551309570864,20.87673622227666
64.69037,21.031579999999998,49407521363733632,Hyades  ,64.69037,21.031579999999998,16.857,23.315,0.09,64.69037,21.031579999999998,64.68981790925528,21.03175440438637
79.73139,8.45406,3242232470578902656,Hyades  ,79.73139,8.45406,16.561,18.167,0.02,79.73139,8.45406,79.73115035567818,8.454076526381597
77.41856,8.21401,3242022670016700672,Hyades  ,77.41856,8.21401,13.624,19.898,0.043,77.41856,8.21401,77.41827527643254,8.214020726812466
77.83085,7.9089100000000006,3241952369992171904,Hyades  ,77.83085,7.9089100000000006,10.763,17.447,0.009000000000000001,77.83085,7.9089100000000006,77.83060606118951,7.908921896703495
79.36724,11.79071,3387573300585597184,Hyades  ,79.36724,11.79071,11.86,17.185,0.024,79.36724,11.79071,79.3670177771945,11.790760750714998
80.10616,11.609760000000001,3387381646261643776,Hyades  ,80.10616,11.609760000000001,8.84,17.801,0.013999999999999999,80.10616,11.609760000000001,80.10593011495406,11.609819134769547
67.73288000000001,24.83791,147877549363243520,Hyades  ,67.73288000000001,24.83791,14.698,22.188000000000002,0.016,67.73288000000001,24.83791,67.73237051167447,24.838150867559442
68.18930999999999,25.09256,147908438767993216,Hyades  ,68.18930999999999,25.09256,15.267999999999999,18.394000000000002,0.02,68.18930999999999,25.09256,68.18888444581367,25.092755673659887
58.17154,25.80422,67351757289092224,Hyades  ,58.17154,25.80422,10.573,22.535,0.022000000000000002,58.17154,25.80422,58.1708744139616,25.80443708506768
55.946819999999995,20.85995,63395989328447232,Hyades  ,55.946819999999995,20.85995,13.337,22.1,0.023,55.946819999999995,20.85995,55.94616609032629,20.860096656859508
59.80981,22.043670000000002,53257461329357312,Hyades  ,59.80981,22.043670000000002,12.075999999999999,24.64,0.027000000000000003,59.80981,22.043670000000002,59.80911563538485,22.043856715206672
70.23872,4.8485,3282562625805170304,Hyades  ,70.23872,4.8485,15.613,16.924,0.172,70.23872,4.8485,70.2384044935739,4.848464261290286
69.43419,4.90189,3282226793722500224,Hyades  ,69.43419,4.90189,13.522,21.095,0.026000000000000002,69.43419,4.90189,69.43378228952211,4.901843482378509
72.95528,17.2736,3406431406767566464,Hyades  ,72.95528,17.2736,10.852,18.387,0.044000000000000004,72.95528,17.2736,72.95493439908077,17.273732746745598
73.09167,17.17406,3406417903390509056,Hyades  ,73.09167,17.17406,15.687999999999999,21.89,0.040999999999999995,73.09167,17.17406,73.09127474080573,17.174207625205547
71.81275,17.33031,3406284725043872256,Hyades  ,71.81275,17.33031,17.278,22.725,0.127,71.81275,17.33031,71.81232465718782,17.33043749816562
71.70647,17.74819,3406380176397016576,Hyades  ,71.70647,17.74819,9.277000000000001,20.656,0.051,71.70647,17.74819,71.70607788145905,17.748333891407952
64.13998000000001,21.9073,52548241968465408,Hyades  ,64.13998000000001,21.9073,8.923,19.570999999999998,0.003,64.13998000000001,21.9073,64.13948944900993,21.907467492966237
62.65674,21.6025,52640154268714496,Hyades  ,62.65674,21.6025,16.324,20.686999999999998,0.068,62.65674,21.6025,62.656208267546575,21.60267822298574
58.98885,18.43215,49968306654050944,Hyades  ,58.98885,18.43215,13.017000000000001,22.844,0.033,58.98885,18.43215,58.98823186637043,18.432283664284164
74.76338,12.2624,3295377880503113216,Hyades  ,74.76338,12.2624,15.075,22.494,0.035,74.76338,12.2624,74.76299997244527,12.262482348017551
72.19202,11.385639999999999,3295557581935254144,Hyades  ,72.19202,11.385639999999999,16.275,22.331,0.054000000000000006,72.19202,11.385639999999999,72.19161452576668,11.385700248939573
67.79635999999999,16.395770000000002,3312882483575093760,Hyades  ,67.79635999999999,16.395770000000002,13.815,20.262,0.024,67.79635999999999,16.395770000000002,67.79592011014891,16.395872224005526
67.48274,16.91392,3312960205303089664,Hyades  ,67.48274,16.91392,11.970999999999998,22.803,0.017,67.48274,16.91392,67.48224734495186,16.91404997513984
66.90002,15.589089999999999,3312709379213017728,Hyades  ,66.90002,15.589089999999999,7.274,20.951999999999998,0.019,66.90002,15.589089999999999,66.89954743843936,15.589192391632686
67.2511,16.346220000000002,3312904233289409152,Hyades  ,67.2511,16.346220000000002,13.095,21.362,0.016,67.2511,16.346220000000002,67.25063046100269,16.34633553069451
67.49101,16.67272,3312951748510907648,Hyades  ,67.49101,16.67272,8.853,21.897,0.001,67.49101,16.67272,67.49053384916199,16.67284091177406
67.64061,16.1939,3312849326426255616,Hyades  ,67.64061,16.1939,4.707,21.866999999999997,0.094,67.64061,16.1939,67.64013771995357,16.194017253449413
66.9202,16.24861,3312908906213736320,Hyades  ,66.9202,16.24861,14.325999999999999,18.743,0.027999999999999997,66.9202,16.24861,66.91978983536261,16.248702512550867
67.21905,15.98148,3312842042162993536,Hyades  ,67.21905,15.98148,11.245999999999999,22.235,0.026000000000000002,67.21905,15.98148,67.2185506675843,15.981593742005739
67.16606,15.87079,3312744219987686144,Hyades  ,67.16606,15.87079,3.307,20.879,0.324,67.16606,15.87079,67.1656022796287,15.870867390804973
67.04581,16.4708,3312921378798754304,Hyades  ,67.04581,16.4708,10.502,23.58,0.047,67.04581,16.4708,67.04529655413452,16.47093927798343
65.6654,18.26918,47485609397541632,Hyades  ,65.6654,18.26918,12.087,23.997,0.023,65.6654,18.26918,65.66483855226055,18.26933069226337
64.50816999999999,18.25667,47620265212420096,Hyades  ,64.50816999999999,18.25667,7.355,21.583000000000002,0.016,64.50816999999999,18.25667,64.50764880745426,18.256808684822712
65.38495,18.41744,47541100375011968,Hyades  ,65.38495,18.41744,6.684,20.671999999999997,0.042,65.38495,18.41744,65.38445151927647,18.41758368326237
61.93055,16.51868,45567511362945152,Hyades  ,61.93055,16.51868,9.599,21.479,0.013999999999999999,61.93055,16.51868,61.92999538384862,16.518790221615202
63.09125,16.25081,45679386670867584,Hyades  ,63.09125,16.25081,12.684000000000001,28.002,0.033,63.09125,16.25081,63.090559960125006,16.250950726696445
61.567730000000005,15.698039999999999,45367056650753280,Hyades  ,61.567730000000005,15.698039999999999,7.693,21.003,0.021,61.567730000000005,15.698039999999999,61.567199089775954,15.698120727076896
61.0454,15.80601,45404199528067200,Hyades  ,61.0454,15.80601,16.304000000000002,21.775,0.087,61.0454,15.80601,61.044833241737344,15.806097387272887
62.48874,16.37814,45506454107945344,Hyades  ,62.48874,16.37814,15.554,28.771,0.111,62.48874,16.37814,62.48802624049747,16.378265825485094
74.02585,21.89781,3412374060957023232,Hyades  ,74.02585,21.89781,16.192999999999998,17.078,0.034,74.02585,21.89781,74.02553732993749,21.897979532263832
73.99613000000001,21.66667,3412331901556818048,Hyades  ,73.99613000000001,21.66667,18.766,20.442,0.134,73.99613000000001,21.66667,73.99576833296472,21.66685866238225
74.36251999999999,22.01735,3412367287795107712,Hyades  ,74.36251999999999,22.01735,16.414,18.250999999999998,0.077,74.36251999999999,22.01735,74.36219792751334,22.01751493309118
78.87819,17.43158,3395180718459278464,Hyades  ,78.87819,17.43158,15.966,17.776,0.035,78.87819,17.43158,78.87793458578237,17.431705202275662
78.71419,17.787029999999998,3395264423077925632,Hyades  ,78.71419,17.787029999999998,13.5,17.570999999999998,0.038,78.71419,17.787029999999998,78.71394707532605,17.787146664800595
67.8716,17.71852,3314150048683152896,Hyades  ,67.8716,17.71852,11.183,22.271,0.031,67.8716,17.71852,67.87112515034707,17.718660599254612
65.73421,17.54239,3314024566918614528,Hyades  ,65.73421,17.54239,3.4160000000000004,19.422,0.08199999999999999,65.73421,17.54239,65.73375431738971,17.542515546427712
66.35478,17.915210000000002,3314063908819076352,Hyades  ,66.35478,17.915210000000002,10.607999999999999,21.340999999999998,0.024,66.35478,17.915210000000002,66.35428035004772,17.915349719196218
68.09948,17.75059,3314232855652895104,Hyades  ,68.09948,17.75059,13.362,23.245,0.013000000000000001,68.09948,17.75059,68.0989869169686,17.75074271194905
66.07108000000001,18.00279,3314079508140198528,Hyades  ,66.07108000000001,18.00279,9.645,21.428,0.026000000000000002,66.07108000000001,18.00279,66.07058229470351,18.002921045390607
67.37694,17.86303,3314212068010812032,Hyades  ,67.37694,17.86303,6.78,21.316,0.032,67.37694,17.86303,67.37646055058681,17.863165411080942
68.03365,17.66435,3314137846679343872,Hyades  ,68.03365,17.66435,14.009,20.932,0.011000000000000001,68.03365,17.66435,68.03320036537143,17.66447984220168
67.38218,17.89304,3314213025787054592,Hyades  ,67.38218,17.89304,8.731,21.844,0.017,67.38218,17.89304,67.38169298883798,17.893183634798103
67.20173,17.28535,3314109916508904064,Hyades  ,67.20173,17.28535,7.686,21.476,0.045,67.20173,17.28535,67.20124298077214,17.285468367045016
70.44532,4.43674,3281410509417809152,Hyades  ,70.44532,4.43674,12.925999999999998,23.594,0.019,70.44532,4.43674,70.4448595718985,4.436693640984481
71.57871,3.63639,3281064262038614912,Hyades  ,71.57871,3.63639,10.390999999999998,22.138,0.01,71.57871,3.63639,71.57830669718612,3.6363367085206697
72.82891,25.94229,153453550785049984,Hyades  ,72.82891,25.94229,15.614,20.803,0.031,72.82891,25.94229,72.82850297615349,25.942534567177486
72.09392,20.86188,3411856775094435968,Hyades  ,72.09392,20.86188,17.253,18.03,0.06,72.09392,20.86188,72.09356557617609,20.862035916987058
72.1243,20.44591,3411781729134007424,Hyades  ,72.1243,20.44591,16.066,16.255,0.044000000000000004,72.1243,20.44591,72.12398267060642,20.44606069126696
73.8122,21.363889999999998,3411758128287351808,Hyades  ,73.8122,21.363889999999998,15.267999999999999,16.754,0.005,73.8122,21.363889999999998,73.81190010177879,21.364048300242807
72.56987,20.625629999999997,3411811317161811328,Hyades  ,72.56987,20.625629999999997,13.155,22.08,0.02,72.56987,20.625629999999997,72.56945790269788,20.625823720383128
70.1379,18.028270000000003,3409356726172456960,Hyades  ,70.1379,18.028270000000003,16.067,16.748,0.045,70.1379,18.028270000000003,70.13756382963618,18.028375616650226
75.77426,21.589779999999998,3409207536188836352,Hyades  ,75.77426,21.589779999999998,4.555,18.572,0.067,75.77426,21.589779999999998,75.77393984453876,21.58996268641408
70.57881,17.693839999999998,3409290995993067648,Hyades  ,70.57881,17.693839999999998,13.782,19.374000000000002,0.021,70.57881,17.693839999999998,70.5784234966788,17.693967564389972
71.11854,17.85298,3409379060002199168,Hyades  ,71.11854,17.85298,14.569,17.067,0.006999999999999999,71.11854,17.85298,71.11821027340005,17.85309077594956
77.21495,14.25305,3391904178104504704,Hyades  ,77.21495,14.25305,16.893,25.633000000000003,0.055,77.21495,14.25305,77.21455707433742,14.253174350184882
54.780559999999994,20.42391,57406365376348928,Hyades  ,54.780559999999994,20.42391,13.629000000000001,28.061999999999998,0.016,54.780559999999994,20.42391,54.779705386553566,20.42408496425216
67.03373,7.9457699999999996,3287167277423046272,Hyades  ,67.03373,7.9457699999999996,13.773,19.809,0.021,67.03373,7.9457699999999996,67.03330144028102,7.94576801755864
66.32119,8.06775,3287041726938931968,Hyades  ,66.32119,8.06775,13.44,28.855,0.046,66.32119,8.06775,66.32054970907676,8.067738889638193
75.88646999999999,18.14773,3407113241415669120,Hyades  ,75.88646999999999,18.14773,15.802,19.819000000000003,0.085,75.88646999999999,18.14773,75.88615826684298,18.147881707525737
76.57525,17.81628,3407121831350730112,Hyades  ,76.57525,17.81628,8.62,18.6,0.004,76.57525,17.81628,76.57495502845589,17.8164165060206
71.85126,22.66333,3413082661841179520,Hyades  ,71.85126,22.66333,16.339000000000002,19.314,0.039,71.85126,22.66333,71.85088275565454,22.663510656617852
71.97558000000001,7.3707199999999995,3288997483247358592,Hyades  ,71.97558000000001,7.3707199999999995,15.193,17.385,0.019,71.97558000000001,7.3707199999999995,71.9752567348955,7.370713116884426
71.53872,6.75007,3288876846205650816,Hyades  ,71.53872,6.75007,13.589,22.491,0.025,71.53872,6.75007,71.53830421617536,6.7500618977818565
71.82758000000001,6.4532300000000005,3288784006192725248,Hyades  ,71.82758000000001,6.4532300000000005,10.689,24.647,0.022000000000000002,71.82758000000001,6.4532300000000005,71.8271198897748,6.453207027561474
65.96179000000001,9.20539,3299573475139651584,Hyades  ,65.96179000000001,9.20539,11.814,22.276,0.022000000000000002,65.96179000000001,9.20539,65.96128864369514,9.20541588399079
71.10805,11.14607,3294081521934473216,Hyades  ,71.10805,11.14607,5.311,22.304000000000002,0.11,71.10805,11.14607,71.1076189780934,11.146138247803302
70.25765,10.9944,3294248609046258048,Hyades  ,70.25765,10.9944,13.864,20.257,0.015,70.25765,10.9944,70.2572494139051,10.994444189601701
59.8615,23.38526,65502206932420224,Hyades  ,59.8615,23.38526,14.677,22.398000000000003,0.013999999999999999,59.8615,23.38526,59.860874807880315,23.38544627627107
60.913230000000006,19.45487,50327297200978176,Hyades  ,60.913230000000006,19.45487,9.775,20.811,0.032,60.913230000000006,19.45487,60.912670059496,19.455012140493032
61.357519999999994,19.44201,50298125783225088,Hyades  ,61.357519999999994,19.44201,10.834000000000001,21.144000000000002,0.013000000000000001,61.357519999999994,19.44201,61.356960400425244,19.442151762416465
61.05386,18.99561,50248991357476736,Hyades  ,61.05386,18.99561,15.07,18.721,0.023,61.05386,18.99561,61.05335975087915,18.995726081942642
60.0655,19.41,50427387118457984,Hyades  ,60.0655,19.41,14.704,20.853,0.052000000000000005,60.0655,19.41,60.06493269592154,19.410147823903703
60.912380000000006,19.45584,50327361624037120,Hyades  ,60.912380000000006,19.45584,14.796,20.755,0.179,60.912380000000006,19.45584,60.911814221421935,19.45595714234021
68.96715999999999,19.7957,3410787568757738752,Hyades  ,68.96715999999999,19.7957,13.833,20.857,0.14300000000000002,68.96715999999999,19.7957,68.96672591902377,19.79586791225307
70.25858000000001,19.90922,3410944730200538496,Hyades  ,70.25858000000001,19.90922,16.21,24.439,0.052000000000000005,70.25858000000001,19.90922,70.25808708139778,19.909409892614644
68.80695,20.13349,3410856112139584000,Hyades  ,68.80695,20.13349,17.765,21.93,0.092,68.80695,20.13349,68.80648388432874,20.133671816133088
70.6166,0.72725,3230836376154368384,Hyades  ,70.6166,0.72725,17.299,21.166999999999998,0.13,70.6166,0.72725,70.61618966243859,0.7271604152127349
70.55226,14.1475,3308433069254919424,Hyades  ,70.55226,14.1475,15.037,20.023,0.032,70.55226,14.1475,70.55186696425228,14.147595596515849
71.81604,13.55727,3308470968047333120,Hyades  ,71.81604,13.55727,16.178,20.338,0.027000000000000003,71.81604,13.55727,71.81566350016655,13.557343861542213
71.81616,13.55666,3308470968047333248,Hyades  ,71.81616,13.55666,16.146,20.27,0.063,71.81616,13.55666,71.81577067991988,13.556734074809208
70.36633,14.076020000000002,3308428877366857728,Hyades  ,70.36633,14.076020000000002,12.337,21.239,0.16699999999999998,70.36633,14.076020000000002,70.3659094900178,14.076123640508756
72.29439,13.81135,3308501926171656832,Hyades  ,72.29439,13.81135,14.307,21.971,0.055999999999999994,72.29439,13.81135,72.29399544902232,13.811445433839488
81.30011999999999,16.51645,3391170490315215104,Hyades  ,81.30011999999999,16.51645,15.415,19.185,0.040999999999999995,81.30011999999999,16.51645,81.29988089168197,16.516572277363267
59.55956,21.05099,51497418090942720,Hyades  ,59.55956,21.05099,15.83,21.518,0.086,59.55956,21.05099,59.55896320784396,21.051132215468236
58.08725,20.47796,51534045572176896,Hyades  ,58.08725,20.47796,16.500999999999998,23.811999999999998,0.026000000000000002,58.08725,20.47796,58.086565272043046,20.47811544338734
65.99831,11.383,3306849703791332864,Hyades  ,65.99831,11.383,13.94,17.195999999999998,0.013999999999999999,65.99831,11.383,65.99792931570704,11.383030951161876
66.94246,11.736369999999999,3306922958753764992,Hyades  ,66.94246,11.736369999999999,7.357,22.031,0.011000000000000001,66.94246,11.736369999999999,66.9419773366571,11.736418991380734
65.33283,12.04386,3307131900322333312,Hyades  ,65.33283,12.04386,14.700999999999999,21.081,0.042,65.33283,12.04386,65.33234661945238,12.043902971470391
68.43778,12.71115,3306722607119077120,Hyades  ,68.43778,12.71115,14.262,21.128,0.023,68.43778,12.71115,68.43734471551905,12.711210057397905
65.60755,11.30567,3306856541379219456,Hyades  ,65.60755,11.30567,9.353,23.886,0.066,65.60755,11.30567,65.6070148842846,11.305723718743966
61.85266,10.74058,3303530209469039616,Hyades  ,61.85266,10.74058,16.24,21.272,0.042,61.85266,10.74058,61.852131975511256,10.740616683795574
63.20865,11.246189999999999,3303984513928122752,Hyades  ,63.20865,11.246189999999999,15.497,24.91,0.046,63.20865,11.246189999999999,63.2080419866814,11.246240191625462
75.77986999999999,19.01783,3407518510233429248,Hyades  ,75.77986999999999,19.01783,11.212,18.738,0.008,75.77986999999999,19.01783,75.77956163485888,19.01797894113525
68.46961999999999,14.85077,3309420014084185600,Hyades  ,68.46961999999999,14.85077,15.225,21.892,0.062,68.46961999999999,14.85077,68.46916448489499,14.850875077441136
71.5221,15.889879999999998,3405865089559635968,Hyades  ,71.5221,15.889879999999998,15.115,18.156,0.046,71.5221,15.889879999999998,71.52175395613092,15.889993235869408
68.52255,14.217479999999998,3309336867813205760,Hyades  ,68.52255,14.217479999999998,11.633,18.227,0.012,68.52255,14.217479999999998,68.5221717157703,14.217552340188515
68.588,14.8547,3309513270709857920,Hyades  ,68.588,14.8547,16.065,16.065,0.17300000000000001,68.588,14.8547,68.5876716616919,14.854767044036914
68.46262,14.844320000000002,3309419984020071552,Hyades  ,68.46262,14.844320000000002,4.545,21.691999999999997,0.21899999999999997,68.46262,14.844320000000002,68.46216402095001,14.84442679794659
70.43859,14.899410000000001,3309611539560293632,Hyades  ,70.43859,14.899410000000001,19.564,22.079,0.132,70.43859,14.899410000000001,70.43815115666824,14.899504363285006
58.143840000000004,11.26075,36629890579758592,Hyades  ,58.143840000000004,11.26075,12.626,28.593000000000004,0.012,58.143840000000004,11.26075,58.14306502050153,11.260787574826546
50.6327,28.97455,119219294181874048,Hyades  ,50.6327,28.97455,13.857999999999999,20.868000000000002,0.015,50.6327,28.97455,50.63197316433993,28.974743422074734
72.49202,27.209909999999997,154422804645274368,Hyades  ,72.49202,27.209909999999997,14.126,24.183000000000003,0.024,72.49202,27.209909999999997,72.4915323974715,27.210225853738326
69.31108,11.324069999999999,3306247446297683072,Hyades  ,69.31108,11.324069999999999,14.675,19.324,0.028999999999999998,69.31108,11.324069999999999,69.31068267060608,11.32411182875654
67.81617,10.704239999999999,3305860933600191872,Hyades  ,67.81617,10.704239999999999,13.630999999999998,21.596,0.069,67.81617,10.704239999999999,67.81572099908496,10.704285316472532
67.73867,10.751719999999999,3305871825637254912,Hyades  ,67.73867,10.751719999999999,6.905,21.488000000000003,0.028999999999999998,67.73867,10.751719999999999,67.738214155136,10.751767437094824
67.81548000000001,10.703330000000001,3305860933598991104,Hyades  ,67.81548000000001,10.703330000000001,17.622,21.444000000000003,0.12,67.81548000000001,10.703330000000001,67.81501939142026,10.703376843242008
67.83202,10.923739999999999,3305881652522411520,Hyades  ,67.83202,10.923739999999999,14.884,23.154,0.054000000000000006,67.83202,10.923739999999999,67.83151219663284,10.92377619504833
66.18385,10.772,3306016372760404992,Hyades  ,66.18385,10.772,12.99,20.435,0.027999999999999997,66.18385,10.772,66.18339783805753,10.772042769482391
65.47175,24.240289999999998,149476479789791488,Hyades  ,65.47175,24.240289999999998,13.665,20.464000000000002,0.07,65.47175,24.240289999999998,65.47124783008671,24.240487255361124
65.87711,24.40522,149313099234711680,Hyades  ,65.87711,24.40522,7.05,18.182000000000002,0.002,65.87711,24.40522,65.87666816380396,24.40540913584316
65.25316,24.51861,149543000243089024,Hyades  ,65.25316,24.51861,13.585999999999999,20.320999999999998,0.017,65.25316,24.51861,65.25265928085136,24.51882417890711
66.76357,24.10417,149327461604162688,Hyades  ,66.76357,24.10417,14.620999999999999,21.204,0.034,66.76357,24.10417,66.76307955160479,24.10437739885387
70.37029,12.00928,3295883999449691264,Hyades  ,70.37029,12.00928,12.023,21.185,0.011000000000000001,70.37029,12.00928,70.36987296231298,12.009342911379076
70.51931,11.92042,3295878703753707136,Hyades  ,70.51931,11.92042,12.467,19.02,0.024,70.51931,11.92042,70.51893371874877,11.920467137660284
71.72077,12.88377,3296045077903829888,Hyades  ,71.72077,12.88377,13.831,20.635,0.027999999999999997,71.72077,12.88377,71.72037896442625,12.883854039134869
70.85358000000001,24.29645,147232651433766528,Hyades  ,70.85358000000001,24.29645,12.921,20.514,0.033,70.85358000000001,24.29645,70.85315155727814,24.29667306822455
71.68808,24.61091,147258180719392512,Hyades  ,71.68808,24.61091,16.848,23.857,0.04,71.68808,24.61091,71.6876043278356,24.61117504735063
71.78768000000001,20.8821,3412605297699792512,Hyades  ,71.78768000000001,20.8821,9.477,23.64,0.032,71.78768000000001,20.8821,71.7872241336696,20.882312841581946
62.433069999999994,31.929909999999996,169163647804297216,Hyades  ,62.433069999999994,31.929909999999996,17.395,23.622,0.036000000000000004,62.433069999999994,31.929909999999996,62.43240616710376,31.930244895421193
70.62666,20.45301,3411031385460853248,Hyades  ,70.62666,20.45301,12.155,20.41,0.031,70.62666,20.45301,70.62625239646664,20.453174395087608
70.74407,20.604670000000002,3411128795318922496,Hyades  ,70.74407,20.604670000000002,13.790999999999999,19.412,0.055999999999999994,70.74407,20.604670000000002,70.74369013290396,20.60483484482485
79.06628,9.44658,3338650225766660992,Hyades  ,79.06628,9.44658,14.274000000000001,18.57,0.028999999999999998,79.06628,9.44658,79.06602232992823,9.446609935521167
68.02051999999999,5.410069999999999,3285426613077584384,Hyades  ,68.02051999999999,5.410069999999999,6.251,23.072,0.034,68.02051999999999,5.410069999999999,68.02003432288737,5.410041915160571
71.9825,25.57953,147469115153030528,Hyades  ,71.9825,25.57953,13.517000000000001,19.63,0.006999999999999999,71.9825,25.57953,71.98211200448974,25.57975845644073
69.2263,24.49873,147710938992084096,Hyades  ,69.2263,24.49873,15.709000000000001,17.467,0.057,69.2263,24.49873,69.22592452478938,24.49891116028942
65.05455,19.23333,48203487411427456,Hyades  ,65.05455,19.23333,7.312,21.664,0.037000000000000005,65.05455,19.23333,65.05402786276632,19.23347864774983
65.45714,19.48556,48190739948429184,Hyades  ,65.45714,19.48556,16.667,25.809,0.21899999999999997,65.45714,19.48556,65.45652601138356,19.485724010812774
67.15554,19.74053,48061409893621248,Hyades  ,67.15554,19.74053,8.43,20.665,0.04,67.15554,19.74053,67.15506652159594,19.74068963814759
62.67706,18.42312,46975436002187136,Hyades  ,62.67706,18.42312,6.487,21.264,0.044000000000000004,62.67706,18.42312,62.67651247716618,18.423254013031087
65.22014,13.864370000000001,3310615565476268032,Hyades  ,65.22014,13.864370000000001,6.0329999999999995,20.965,0.092,65.22014,13.864370000000001,65.21966803173267,13.864427266562275
65.84973000000001,14.42785,3311038666998173184,Hyades  ,65.84973000000001,14.42785,13.577,20.32,0.11900000000000001,65.84973000000001,14.42785,65.84926631147952,14.427951022988855
66.94643,14.417670000000001,3310903740601986432,Hyades  ,66.94643,14.417670000000001,9.212,20.250999999999998,0.004,66.94643,14.417670000000001,66.9459806206532,14.41774992388314
64.8345,14.31635,3310702770492165120,Hyades  ,64.8345,14.31635,11.991,20.738000000000003,0.015,64.8345,14.31635,64.83401810998124,14.316427000785673
66.13186,13.92855,3310814886318365568,Hyades  ,66.13186,13.92855,15.115,22.041,0.032,66.13186,13.92855,66.1313601415752,13.928629815734796
65.97723,14.05202,3310820624394671488,Hyades  ,65.97723,14.05202,10.362,23.105999999999998,0.028999999999999998,65.97723,14.05202,65.97671876593441,14.052104337289887
65.51516,14.077110000000001,3311000119668435200,Hyades  ,65.51516,14.077110000000001,5.63,21.945,0.063,65.51516,14.077110000000001,65.51465897292968,14.07719922832178
64.44921,13.661710000000001,3310640648085373824,Hyades  ,64.44921,13.661710000000001,11.77,21.052,0.036000000000000004,64.44921,13.661710000000001,64.44872499189317,13.661779720157169
64.6965,13.366229999999998,3310569798304869888,Hyades  ,64.6965,13.366229999999998,11.27,21.73,0.034,64.6965,13.366229999999998,64.6959861707656,13.366309576891053
65.39544000000001,14.40971,3311024789960504576,Hyades  ,65.39544000000001,14.40971,6.482,20.465999999999998,0.03,65.39544000000001,14.40971,65.39497919978524,14.409790556224713
64.99095,14.035120000000001,3310634944368705664,Hyades  ,64.99095,14.035120000000001,5.497000000000001,22.009,0.013000000000000001,64.99095,14.035120000000001,64.99043564553335,14.035205411675088
66.85087,14.118570000000002,3310857011357831936,Hyades  ,66.85087,14.118570000000002,14.492,22.340999999999998,0.069,66.85087,14.118570000000002,66.85039133729275,14.118652220541565
65.39668,14.695160000000001,3311102820926310784,Hyades  ,65.39668,14.695160000000001,14.314,20.333,0.026000000000000002,65.39668,14.695160000000001,65.39620573576966,14.69524197709764
72.14622,18.72891,3409827214070099840,Hyades  ,72.14622,18.72891,14.742,20.54,0.026000000000000002,72.14622,18.72891,72.14582041613518,18.729056574962573
71.56393,18.77463,3409867964719693824,Hyades  ,71.56393,18.77463,14.276,22.998,0.153,71.56393,18.77463,71.56348861707492,18.774824524823828
72.67914,19.30405,3409968703177094656,Hyades  ,72.67914,19.30405,15.481,20.859,0.055,72.67914,19.30405,72.67875016272828,19.304218324682232
71.54063000000001,18.95761,3409875592581586944,Hyades  ,71.54063000000001,18.95761,17.695999999999998,20.395,0.08800000000000001,71.54063000000001,18.95761,71.54023930586824,18.957769452353613
71.98696,19.02456,3409855590918757760,Hyades  ,71.98696,19.02456,13.187999999999999,18.349,0.081,71.98696,19.02456,71.9865975607192,19.0247058024885
72.36833,19.27722,3409959567782077184,Hyades  ,72.36833,19.27722,15.094000000000001,20.061,0.021,72.36833,19.27722,72.36795829355779,19.277381625377892
71.98634,19.02376,3409855590918086400,Hyades  ,71.98634,19.02376,12.552999999999999,18.511,0.057,71.98634,19.02376,71.98600188820132,19.023893900962452
62.83515,5.52308,3284773915487855488,Hyades  ,62.83515,5.52308,5.607,26.664,0.059000000000000004,62.83515,5.52308,62.83450971654541,5.523052093394943
75.20401,4.73315,3239389683266590208,Hyades  ,75.20401,4.73315,9.446,19.219,0.027999999999999997,75.20401,4.73315,75.20369369986716,4.733111791515935
75.55638,14.710120000000002,3392546632197477248,Hyades  ,75.55638,14.710120000000002,18.930999999999997,20.809,0.225,75.55638,14.710120000000002,75.55605305704718,14.710226372954994
74.0961,14.101020000000002,3392628893706422272,Hyades  ,74.0961,14.101020000000002,16.46,16.717,0.026000000000000002,74.0961,14.101020000000002,74.0958155378635,14.101100459412761
74.49114,14.4519,3392664627834274688,Hyades  ,74.49114,14.4519,14.398,20.726,0.024,74.49114,14.4519,74.49079461063255,14.452006694682813
73.95477,24.36249,3419656057748048512,Hyades  ,73.95477,24.36249,13.76,19.387,0.018000000000000002,73.95477,24.36249,73.95442233497383,24.36270744911305
72.26508000000001,18.64108,3406823245223942528,Hyades  ,72.26508000000001,18.64108,8.747,21.848000000000003,0.027000000000000003,72.26508000000001,18.64108,72.26467376068184,18.641247264080626
73.09841,18.996760000000002,3406943091991364608,Hyades  ,73.09841,18.996760000000002,9.932,19.673,0.002,73.09841,18.996760000000002,73.09804796999914,18.996907353071272
69.02237,15.6839,3309956850635519488,Hyades  ,69.02237,15.6839,9.134,19.953,0.036000000000000004,69.02237,15.6839,69.02194734744212,15.684005025305893
69.61595,16.00291,3309978501567767808,Hyades  ,69.61595,16.00291,17.05,21.058000000000003,0.102,69.61595,16.00291,69.61551000719173,16.00302232937069
69.74412,15.66135,3309918646903563264,Hyades  ,69.74412,15.66135,16.750999999999998,20.82,0.064,69.74412,15.66135,69.74370247635696,15.661450570552145
69.54442,15.82139,3309974344039455488,Hyades  ,69.54442,15.82139,14.415,21.018,0.027999999999999997,69.54442,15.82139,69.54398125568066,15.821501136015351
68.95255999999999,13.287970000000001,3308269757418376576,Hyades  ,68.95255999999999,13.287970000000001,13.636,20.305999999999997,0.024,68.95255999999999,13.287970000000001,68.95214319775548,13.28804841006728
70.37408,13.221129999999999,3308127405023027328,Hyades  ,70.37408,13.221129999999999,10.489,22.633000000000003,0.019,70.37408,13.221129999999999,70.37364388448314,13.221207040233493
70.09991,13.979320000000001,3308403897837092992,Hyades  ,70.09991,13.979320000000001,14.932,21.708000000000002,0.03,70.09991,13.979320000000001,70.0994921510993,13.979410594626325
71.79108000000001,24.019820000000003,146989143968434688,Hyades  ,71.79108000000001,24.019820000000003,11.505999999999998,21.674,0.025,71.79108000000001,24.019820000000003,71.79064101894673,24.020045609329983
54.38971,17.85391,56447041481918720,Hyades  ,54.38971,17.85391,11.696,25.773000000000003,0.036000000000000004,54.38971,17.85391,54.388942906153545,17.854041412741925
54.392030000000005,17.85,56447037184877824,Hyades  ,54.392030000000005,17.85,12.093,25.635,0.006999999999999999,54.392030000000005,17.85,54.39125595103389,17.850122596227642
64.73295999999999,9.39631,3299441950357981696,Hyades  ,64.73295999999999,9.39631,14.753,22.17,0.044000000000000004,64.73295999999999,9.39631,64.73246344605897,9.396324168444485
63.643609999999995,10.701360000000001,3300934223858467072,Hyades  ,63.643609999999995,10.701360000000001,6.966,22.289,0.031,63.643609999999995,10.701360000000001,63.643086660262696,10.701387658207432
59.813190000000006,16.66431,46458115782368384,Hyades  ,59.813190000000006,16.66431,14.344000000000001,23.87,0.023,59.813190000000006,16.66431,59.812553878945046,16.66442474910134
58.000530000000005,34.12417,218783542413339648,Hyades  ,58.000530000000005,34.12417,15.202,23.57,0.015,58.000530000000005,34.12417,57.99976659559422,34.124506984832465
65.9295,15.88081,3313541056680391296,Hyades  ,65.9295,15.88081,13.575,22.355999999999998,0.012,65.9295,15.88081,65.92898770226462,15.880918931521569
66.77716,16.4301,3313665885609887744,Hyades  ,66.77716,16.4301,16.562,21.72,0.055,66.77716,16.4301,66.7766763905404,16.430203468310985
66.77788000000001,16.429579999999998,3313665885609887616,Hyades  ,66.77788000000001,16.429579999999998,16.634,21.962,0.028999999999999998,66.77788000000001,16.429579999999998,66.77738606819379,16.42969684469881
66.66766,16.746779999999998,3313689422030650496,Hyades  ,66.66766,16.746779999999998,7.941,21.744,0.057,66.66766,16.746779999999998,66.66717308613696,16.746912274459135
67.16467,16.969910000000002,3313714023603261568,Hyades  ,67.16467,16.969910000000002,14.075,20.895,0.015,67.16467,16.969910000000002,67.16420890255388,16.97002547394032
66.05367,16.37884,3313630082762446208,Hyades  ,66.05367,16.37884,8.068,17.317,0.027999999999999997,66.05367,16.37884,66.05326655944455,16.378931248142287
65.98259,16.35408,3313606340183243136,Hyades  ,65.98259,16.35408,14.347000000000001,22.244,0.018000000000000002,65.98259,16.35408,65.98207316837896,16.354200226688075
66.31935,16.30224,3313579505227558528,Hyades  ,66.31935,16.30224,15.027999999999999,21.166,0.032,66.31935,16.30224,66.31886051592153,16.302348932754043
66.11853,16.88606,3313662896312488192,Hyades  ,66.11853,16.88606,7.656000000000001,21.705,0.05,66.11853,16.88606,66.11803014873979,16.886167299979032
65.99689000000001,16.72147,3313653894061044224,Hyades  ,65.99689000000001,16.72147,11.728,21.684,0.046,65.99689000000001,16.72147,65.99640401741664,16.721574587404508
54.78357,28.382070000000002,71487329756936320,Hyades  ,54.78357,28.382070000000002,10.352,18.292,0.02,54.78357,28.382070000000002,54.782974962048904,28.382258548939657
61.6448,13.54905,3305524242524308352,Hyades  ,61.6448,13.54905,12.440999999999999,19.765,0.13,61.6448,13.54905,61.64431849928879,13.54912435268127
54.53054,6.573860000000001,3277579398589199616,Hyades  ,54.53054,6.573860000000001,15.32,27.061,0.069,54.53054,6.573860000000001,54.52977850822647,6.573831035683633
72.4675,6.10936,3288018093264886016,Hyades  ,72.4675,6.10936,13.425,22.916,0.033,72.4675,6.10936,72.46708749778237,6.109347180951864
60.415169999999996,28.31672,163804078373452288,Hyades  ,60.415169999999996,28.31672,17.362000000000002,20.074,0.06,60.415169999999996,28.31672,60.41459615400729,28.316944426339717
74.45658,14.00211,3392446821452424192,Hyades  ,74.45658,14.00211,8.7,18.319000000000003,0.013000000000000001,74.45658,14.00211,74.45627301825549,14.002189303581275
74.36513000000001,13.945139999999999,3392423078873226112,Hyades  ,74.36513000000001,13.945139999999999,15.015999999999998,18.266,0.017,74.36513000000001,13.945139999999999,74.36482019887373,13.945218461814624
77.06455,15.377220000000001,3392323607430380416,Hyades  ,77.06455,15.377220000000001,15.261,20.074,0.063,77.06455,15.377220000000001,77.06423750228366,15.377325128912576
74.05309,13.98432,3392438678194466560,Hyades  ,74.05309,13.98432,13.565999999999999,16.477,0.168,74.05309,13.98432,74.05280026427045,13.984373621281453
74.25312,13.912270000000001,3392422013721349632,Hyades  ,74.25312,13.912270000000001,10.487,17.709,0.005,74.25312,13.912270000000001,74.25281760946284,13.912347418444902
76.79218,13.26971,3391410909700425600,Hyades  ,76.79218,13.26971,14.93,19.648,0.039,76.79218,13.26971,76.79187767842616,13.26978288370716
69.63188000000001,17.04056,3313207698500079360,Hyades  ,69.63188000000001,17.04056,13.642000000000001,22.822,0.032,69.63188000000001,17.04056,69.63140648143478,17.040693783509646
69.38446,16.758570000000002,3313173957237081984,Hyades  ,69.38446,16.758570000000002,14.529000000000002,21.058000000000003,0.075,69.38446,16.758570000000002,69.38401300289839,16.758697335983754
68.48679,16.86894,3313285110990793472,Hyades  ,68.48679,16.86894,13.767000000000001,21.397,0.015,68.48679,16.86894,68.48632978542244,16.869062860635395
69.00075,16.540670000000002,3313070293905997824,Hyades  ,69.00075,16.540670000000002,10.292,20.003,0.278,69.00075,16.540670000000002,69.00031462564769,16.54077723717136
68.40864,16.76239,3313259169388356608,Hyades  ,68.40864,16.76239,9.152999999999999,20.572,0.028999999999999998,68.40864,16.76239,68.40819609888868,16.76249958110101
76.89601,14.653820000000001,3392122637320609536,Hyades  ,76.89601,14.653820000000001,13.537,18.849,0.10300000000000001,76.89601,14.653820000000001,76.89571642639254,14.653902233021526
81.36275,21.06865,3402351561497574016,Hyades  ,81.36275,21.06865,12.087,18.215999999999998,0.018000000000000002,81.36275,21.06865,81.36252172975809,21.068834515339578
79.42341,17.452360000000002,3394444084324433792,Hyades  ,79.42341,17.452360000000002,13.552,18.272000000000002,0.019,79.42341,17.452360000000002,79.42315187330615,17.452489392836256
62.865719999999996,15.992070000000002,45293526808851200,Hyades  ,62.865719999999996,15.992070000000002,13.798,21.085,0.06,62.865719999999996,15.992070000000002,62.865194085644404,15.992151909454876
61.9255,15.16269,45142206521351552,Hyades  ,61.9255,15.16269,5.971,22.726,0.032,61.9255,15.16269,61.92493156260683,15.162790349620742
62.49038,15.416889999999999,45198178534988672,Hyades  ,62.49038,15.416889999999999,14.607999999999999,21.323,0.02,62.49038,15.416889999999999,62.48985302526904,15.416981349037615
72.70264,16.21034,3405220088550711808,Hyades  ,72.70264,16.21034,7.152,19.85,0.032,72.70264,16.21034,72.70226435255744,16.210450847964616
74.65935999999999,16.22227,3405338148611960448,Hyades  ,74.65935999999999,16.22227,15.321,20.124000000000002,0.084,74.65935999999999,16.22227,74.65900784681011,16.22239423219975
80.16553,10.56964,3338847893045082880,Hyades  ,80.16553,10.56964,15.952,18.33,0.07400000000000001,80.16553,10.56964,80.16531118892382,10.569678468773477
69.72843,19.18207,3410505784542875008,Hyades  ,69.72843,19.18207,12.913,20.017,0.035,69.72843,19.18207,69.72800284880945,19.182218362478892
69.12872,19.090889999999998,3410466133406341504,Hyades  ,69.12872,19.090889999999998,14.411,15.652999999999999,0.225,69.12872,19.090889999999998,69.12839123351273,19.09099392379055
69.16275999999999,18.61559,3410390468964390400,Hyades  ,69.16275999999999,18.61559,12.315,23.706999999999997,0.03,69.16275999999999,18.61559,69.16227300603491,18.615754401958963
70.05341,19.28592,3410529355323453312,Hyades  ,70.05341,19.28592,12.564,22.206999999999997,0.019,70.05341,19.28592,70.05295737906407,19.286096660408823
68.42515,19.01389,3410453484725565312,Hyades  ,68.42515,19.01389,10.269,20.904,0.034,68.42515,19.01389,68.42469571425832,19.014034188115627
68.42891,18.76626,3410439745127430016,Hyades  ,68.42891,18.76626,13.984000000000002,24.143,0.027000000000000003,68.42891,18.76626,68.4283885877113,18.766437964501048
67.41286,22.88257,145916050683920128,Hyades  ,67.41286,22.88257,10.855,16.855999999999998,0.023,67.41286,22.88257,67.41247419691413,22.882720728245197
67.65958,22.90782,145919658456448128,Hyades  ,67.65958,22.90782,11.918,19.524,0.099,67.65958,22.90782,67.65915599776042,22.908009022818828
67.50259,22.37485,145830533592284288,Hyades  ,67.50259,22.37485,16.168,24.660999999999998,0.07200000000000001,67.50259,22.37485,67.50204096935794,22.3750886801412
66.32627,23.06063,145784835140102016,Hyades  ,66.32627,23.06063,12.970999999999998,20.548000000000002,0.037000000000000005,66.32627,23.06063,66.32576958779875,23.06082010960523
68.6345,15.827470000000002,3312602348628348032,Hyades  ,68.6345,15.827470000000002,9.407,19.132,0.037000000000000005,68.6345,15.827470000000002,68.63409331347296,15.827557209182967
67.81865,15.003229999999999,3312440445540818304,Hyades  ,67.81865,15.003229999999999,16.117,21.128,0.062,67.81865,15.003229999999999,67.81819881153575,15.003312187277816
67.67803,14.66143,3312406429399957760,Hyades  ,67.67803,14.66143,15.222999999999999,24.545,0.051,67.67803,14.66143,67.67748894850129,14.661535121340227
68.24816,15.81886,3312644885984344704,Hyades  ,68.24816,15.81886,8.469,21.276999999999997,0.012,68.24816,15.81886,68.24771357637677,15.818968228843046
64.22747,16.35681,3312348872541805184,Hyades  ,64.22747,16.35681,13.208,21.074,0.033,64.22747,16.35681,64.22694965014193,16.356920055425533
67.30192,15.273810000000001,3312520946111619072,Hyades  ,67.30192,15.273810000000001,11.552,21.323,0.019,67.30192,15.273810000000001,67.30145995460866,15.273902559497962
67.93732,15.62925,3312613000147191808,Hyades  ,67.93732,15.62925,11.263,21.874000000000002,0.036000000000000004,67.93732,15.62925,67.9368517770152,15.629348175034947
64.47972,16.54439,3312381071912436864,Hyades  ,64.47972,16.54439,12.964,22.345,0.057999999999999996,64.47972,16.54439,64.47919655862661,16.54450035093713
67.6625,15.691770000000002,3312628358950130176,Hyades  ,67.6625,15.691770000000002,5.41,21.357,0.009000000000000001,67.6625,15.691770000000002,67.66203825538291,15.691878494865135
67.9691,15.499379999999999,3312564037520033792,Hyades  ,67.9691,15.499379999999999,10.498,21.842,0.008,67.9691,15.499379999999999,67.96863428000775,15.499481453769686
68.64758,15.50451,3312575685471393664,Hyades  ,68.64758,15.50451,7.773,21.56,0.027000000000000003,68.64758,15.50451,68.64712572750814,15.504623195335386
55.19164,17.579829999999998,44388010264995200,Hyades  ,55.19164,17.579829999999998,16.269000000000002,24.044,0.057,55.19164,17.579829999999998,55.190921398213604,17.57994102148355
78.59895,20.53154,3413860050920329344,Hyades  ,78.59895,20.53154,15.130999999999998,19.433,0.07200000000000001,78.59895,20.53154,78.59867185957656,20.531727532076456
78.59867,20.53121,3413860050922284672,Hyades  ,78.59867,20.53121,15.022,19.631,0.125,78.59867,20.53121,78.59839775849127,20.531381992055486
66.06453,12.24724,3307198077178624128,Hyades  ,66.06453,12.24724,14.697000000000001,19.619,0.01,66.06453,12.24724,66.06408911622597,12.24729130546075
68.36301999999999,13.04539,3307489031146701696,Hyades  ,68.36301999999999,13.04539,12.263,23.208000000000002,0.040999999999999995,68.36301999999999,13.04539,68.3625311207765,13.045481339905482
68.4448,13.25181,3307528033746225664,Hyades  ,68.4448,13.25181,6.501,21.697,0.002,68.4448,13.25181,68.44434222443073,13.251885772005188
68.10735,13.11315,3307504222447587584,Hyades  ,68.10735,13.11315,10.509,21.392,0.027999999999999997,68.10735,13.11315,68.10689528368306,13.11323266868558
68.77367,13.1736,3307516660672931584,Hyades  ,68.77367,13.1736,13.729000000000001,21.354,0.011000000000000001,68.77367,13.1736,68.77322224256115,13.173668464513707
67.31811,12.360289999999999,3307355272981718272,Hyades  ,67.31811,12.360289999999999,13.474,21.070999999999998,0.038,67.31811,12.360289999999999,67.31765115939083,12.360339122189062
67.7394,12.30371,3307342353720064384,Hyades  ,67.7394,12.30371,12.841,24.583000000000002,0.057999999999999996,67.7394,12.30371,67.7388850545896,12.303788729375901
67.80305,12.477269999999999,3307371215900262784,Hyades  ,67.80305,12.477269999999999,15.41,20.422,0.055999999999999994,67.80305,12.477269999999999,67.80263062206943,12.477322459069159
51.70726,24.6586,69023083679564672,Hyades  ,51.70726,24.6586,18.750999999999998,23.485,0.10099999999999999,51.70726,24.6586,51.706495179013736,24.658789181772388
60.926,14.991220000000002,39305036729495936,Hyades  ,60.926,14.991220000000002,15.039000000000001,24.1,0.040999999999999995,60.926,14.991220000000002,60.9253731533749,14.991325688729248
65.98657,18.6388,47881811540636800,Hyades  ,65.98657,18.6388,15.481,16.910999999999998,0.07200000000000001,65.98657,18.6388,65.98616759508987,18.6389139494206
64.01544,18.85908,47803952373768960,Hyades  ,64.01544,18.85908,13.0,20.978,0.098,64.01544,18.85908,64.0149285134186,18.85919999311264
64.46149,18.47506,47729215646206080,Hyades  ,64.46149,18.47506,12.716,21.379,0.040999999999999995,64.46149,18.47506,64.46097326779088,18.475188318968875
64.05521999999999,18.88437,47804394753757056,Hyades  ,64.05521999999999,18.88437,11.196,22.023000000000003,0.065,64.05521999999999,18.88437,64.05466769358176,18.884505442964603
64.35531,19.02978,47813500084423296,Hyades  ,64.35531,19.02978,10.349,20.915,0.055,64.35531,19.02978,64.35479994103447,19.02990895567325
66.98691,19.0607,48000730595736960,Hyades  ,66.98691,19.0607,10.797,16.913,0.016,66.98691,19.0607,66.9865351241847,19.060816834171554
64.64157,18.36459,47715063730746880,Hyades  ,64.64157,18.36459,14.62,21.903000000000002,0.03,64.64157,18.36459,64.64103608115971,18.364722226051885
66.31111999999999,18.97346,47917816253918720,Hyades  ,66.31111999999999,18.97346,11.949000000000002,18.956,0.054000000000000006,66.31111999999999,18.97346,66.31067633977983,18.97358202720666
65.11559,18.89706,47760521664503296,Hyades  ,65.11559,18.89706,14.012,19.788,0.034,65.11559,18.89706,65.11511496308707,18.897199876166766
66.42469,19.0131,47917511308704128,Hyades  ,66.42469,19.0131,13.705,16.179000000000002,0.035,66.42469,19.0131,66.42430787785919,19.013212341494807
65.05888,18.701970000000003,47751828650825856,Hyades  ,65.05888,18.701970000000003,17.412,20.495,0.08,65.05888,18.701970000000003,65.05839910609245,18.702109372187785
66.2385,19.04186,47965443143743488,Hyades  ,66.2385,19.04186,5.867999999999999,21.116999999999997,0.11900000000000001,66.2385,19.04186,66.23802637360785,19.042007971853966
66.08776,19.18062,47982794811614080,Hyades  ,66.08776,19.18062,15.161,21.191999999999997,0.06,66.08776,19.18062,66.08727223150477,19.180783194157428
67.20947,13.04754,3307650109600736000,Hyades  ,67.20947,13.04754,4.9510000000000005,20.723000000000003,0.079,67.20947,13.04754,67.20901584493062,13.047604278704162
67.09388,13.822679999999998,3307843524864280192,Hyades  ,67.09388,13.822679999999998,14.918,20.581,0.08900000000000001,67.09388,13.822679999999998,67.09341185479839,13.822763754002835
66.72689,13.138110000000001,3307645131734449408,Hyades  ,66.72689,13.138110000000001,10.084,20.785999999999998,0.012,66.72689,13.138110000000001,66.72642679559647,13.138176816904018
69.96284,12.72841,3307992336891315968,Hyades  ,69.96284,12.72841,9.658999999999999,22.896,0.02,69.96284,12.72841,69.9623858011291,12.728478296858967
66.46573000000001,13.50259,3307717596422556928,Hyades  ,66.46573000000001,13.50259,13.939,22.704,0.015,66.46573000000001,13.50259,66.46522427675181,13.502669814872535
67.65615,13.72432,3307782570688378496,Hyades  ,67.65615,13.72432,5.3260000000000005,21.482,0.08,67.65615,13.72432,67.65567747363775,13.724402789120074
67.01893000000001,13.86786,3307844864893938304,Hyades  ,67.01893000000001,13.86786,8.831,20.752,0.017,67.01893000000001,13.86786,67.01847336149812,13.867939217079387
57.43103000000001,24.31771,66556672943906432,Hyades  ,57.43103000000001,24.31771,12.850999999999999,24.124000000000002,0.063,57.43103000000001,24.31771,57.43031198338386,24.31791503990918
73.48793,9.26632,3289809060267929856,Hyades  ,73.48793,9.26632,14.495,24.930999999999997,0.066,73.48793,9.26632,73.48751549605397,9.266348347343282
72.989,9.281360000000001,3289865341519273088,Hyades  ,72.989,9.281360000000001,15.242,24.21,0.046,72.989,9.281360000000001,72.98856733509132,9.28140023450626
58.82818,30.89477,168422783123428352,Hyades  ,58.82818,30.89477,15.374,22.805,0.027000000000000003,58.82818,30.89477,58.82747562190266,30.89505223060729
75.40726,12.416319999999999,3295209414705918080,Hyades  ,75.40726,12.416319999999999,10.890999999999998,19.441,0.011000000000000001,75.40726,12.416319999999999,75.40694125433761,12.416385856506233
65.62563,10.4346,3300725905060807936,Hyades  ,65.62563,10.4346,11.838,20.895,0.019,65.62563,10.4346,65.62515899858754,10.434623738414952
79.22333,21.3936,3414200143611145216,Hyades  ,79.22333,21.3936,15.931,19.109,0.033,79.22333,21.3936,79.22306824702822,21.393790519809986
79.22398000000001,21.394460000000002,3414200139316713600,Hyades  ,79.22398000000001,21.394460000000002,13.972000000000001,19.189,0.021,79.22398000000001,21.394460000000002,79.22370417103716,21.39465395579478
57.27307,18.83773,50756415973201152,Hyades  ,57.27307,18.83773,14.269,16.64,0.034,57.27307,18.83773,57.27258346708682,18.837825844629467
66.99716,18.75895,3314597408180024960,Hyades  ,66.99716,18.75895,12.959000000000001,19.043,0.040999999999999995,66.99716,18.75895,66.99672977730047,18.75907477453484
67.25474,18.67355,3314581984953794816,Hyades  ,67.25474,18.67355,12.274000000000001,23.138,0.01,67.25474,18.67355,67.25422092673146,18.673700262416848
76.47569,10.58075,3291734202048545792,Hyades  ,76.47569,10.58075,13.821,23.340999999999998,0.037000000000000005,76.47569,10.58075,76.47534528342389,10.580798188420351
63.95085,8.96611,3300059394856687488,Hyades  ,63.95085,8.96611,13.624,24.732,0.022000000000000002,63.95085,8.96611,63.95027127933164,8.966119558279622
62.4563,9.30547,3300315443626615040,Hyades  ,62.4563,9.30547,9.629,27.735,0.025,62.4563,9.30547,62.45562113475079,9.305492338371682
58.77775,16.99837,43538293935879680,Hyades  ,58.77775,16.99837,8.735,24.398000000000003,0.03,58.77775,16.99837,58.77708815910256,16.998477695964375
58.29251,17.32696,43615122310787840,Hyades  ,58.29251,17.32696,5.867999999999999,23.133000000000003,0.057,58.29251,17.32696,58.291858716706066,17.327086035373124
57.6046,17.24641,43789772861265792,Hyades  ,57.6046,17.24641,9.2,20.953000000000003,0.043,57.6046,17.24641,57.60402691610066,17.246509233523884
72.24869,15.60474,3405082374719674240,Hyades  ,72.24869,15.60474,14.182,21.229,0.24600000000000002,72.24869,15.60474,72.2482844398035,15.604836934975937
72.21565,15.94745,3405127244241184256,Hyades  ,72.21565,15.94745,9.469,16.347,0.017,72.21565,15.94745,72.21534347847032,15.947539164488203
72.38424,15.88863,3405113740864365440,Hyades  ,72.38424,15.88863,7.582999999999999,20.618000000000002,0.027000000000000003,72.38424,15.88863,72.38385402148113,15.888742910297095
57.893280000000004,7.37305,3277175602945236608,Hyades  ,57.893280000000004,7.37305,15.056,27.697,0.055,57.893280000000004,7.37305,57.892526636106155,7.373038927237168
57.89441,7.373639999999999,3277175602945236352,Hyades  ,57.89441,7.373639999999999,13.734000000000002,27.608,0.044000000000000004,57.89441,7.373639999999999,57.893665112155546,7.373631136295893
70.11831,18.0876,3409550652537334656,Hyades  ,70.11831,18.0876,13.679,25.476,0.024,70.11831,18.0876,70.11779946049725,18.087780988861006
71.18276,18.408079999999998,3409480318150949248,Hyades  ,71.18276,18.408079999999998,13.645999999999999,21.334,0.127,71.18276,18.408079999999998,71.18233288017909,18.40822716435053
57.05019,7.1462699999999995,3277270538903180160,Hyades  ,57.05019,7.1462699999999995,10.24,27.385,0.034,57.05019,7.1462699999999995,57.04943137332961,7.146243540791135
69.93786,18.0947,3409548556593300480,Hyades  ,69.93786,18.0947,16.227,22.616999999999997,0.038,69.93786,18.0947,69.9373915799045,18.094844868935425
73.74346,19.48526,3408463510414294784,Hyades  ,73.74346,19.48526,6.274,15.927,0.013000000000000001,73.74346,19.48526,73.74317127618116,19.485387643459315
74.86536,19.34359,3408317000489415296,Hyades  ,74.86536,19.34359,14.267999999999999,21.322,0.023,74.86536,19.34359,74.86499280986159,19.343770919130954
73.6842,19.68072,3408504261063819520,Hyades  ,73.6842,19.68072,12.843,22.014,0.037000000000000005,73.6842,19.68072,73.6837953581662,19.680898468217627
70.03891999999999,25.592129999999997,148183866430358016,Hyades  ,70.03891999999999,25.592129999999997,10.089,22.590999999999998,0.033,70.03891999999999,25.592129999999997,70.03844873228657,25.592391315017966
70.02871999999999,25.61241,148184656704340352,Hyades  ,70.02871999999999,25.61241,13.145,23.406,0.003,70.02871999999999,25.61241,70.0282163795211,25.6126798376126
84.26576,17.04018,3397032128539658368,Hyades  ,84.26576,17.04018,5.468,19.102,0.07,84.26576,17.04018,84.26556454090414,17.040328344847826
55.898790000000005,26.35841,70298895126196864,Hyades  ,55.898790000000005,26.35841,13.860999999999999,26.759,0.01,55.898790000000005,26.35841,55.8979583046882,26.35866053126824
61.36845,28.929170000000003,164216120356193664,Hyades  ,61.36845,28.929170000000003,15.359000000000002,19.04,0.053,61.36845,28.929170000000003,61.36791641305418,28.929403083310522
75.16575,9.12609,3291151392166490496,Hyades  ,75.16575,9.12609,16.625,17.654,0.038,75.16575,9.12609,75.16546520941326,9.126108183973342
63.61407,12.435260000000001,3304412601908736512,Hyades  ,63.61407,12.435260000000001,7.877999999999999,21.134,0.006,63.61407,12.435260000000001,63.613560624939616,12.435314646183196
62.77738000000001,12.796660000000001,3304478125929665152,Hyades  ,62.77738000000001,12.796660000000001,16.541,23.305999999999997,0.075,62.77738000000001,12.796660000000001,62.776796634199314,12.796715257268302
62.11164,12.1918,3304337251002413952,Hyades  ,62.11164,12.1918,10.703,21.506,0.033,62.11164,12.1918,62.111114041317634,12.191846257071596
64.04578000000001,11.5337,3304096595394580608,Hyades  ,64.04578000000001,11.5337,15.855,21.916,0.039,64.04578000000001,11.5337,64.04526670654107,11.533752970377948
64.36773000000001,14.90099,3311906770084019712,Hyades  ,64.36773000000001,14.90099,13.276,20.172,0.037000000000000005,64.36773000000001,14.90099,64.3672551108499,14.901059928780308
63.27393000000001,15.2477,3311804515502788352,Hyades  ,63.27393000000001,15.2477,14.382,22.21,0.068,63.27393000000001,15.2477,63.27338946279196,15.247781613401566
64.4656,15.227070000000001,3311934086075988864,Hyades  ,64.4656,15.227070000000001,14.245999999999999,20.971,0.026000000000000002,64.4656,15.227070000000001,64.4651073284261,15.227159698590324
62.8114,15.08627,3311785239689504512,Hyades  ,62.8114,15.08627,17.149,22.247,0.11,62.8114,15.08627,62.810853758205646,15.086374245481538
65.15178,15.095360000000001,3311883817778820480,Hyades  ,65.15178,15.095360000000001,5.18,21.125999999999998,0.033,65.15178,15.095360000000001,65.15129051828782,15.095453385721688
74.83294000000001,10.38597,3291495436226226688,Hyades  ,74.83294000000001,10.38597,12.811,22.031,0.018000000000000002,74.83294000000001,10.38597,74.83257140711987,10.386012629677964
73.65783,9.40905,3291312951656888320,Hyades  ,73.65783,9.40905,14.657,21.669,0.047,73.65783,9.40905,73.65746411692949,9.40908958896987
77.73593000000001,13.121929999999999,3388751431591386240,Hyades  ,77.73593000000001,13.121929999999999,13.874,22.243000000000002,0.042,77.73593000000001,13.121929999999999,77.73561751096034,13.122021843438544
75.77659,19.67863,3408679804966891264,Hyades  ,75.77659,19.67863,15.890999999999998,16.778,0.019,75.77659,19.67863,75.77631712246745,19.67877602401965
67.5714,26.37375,151319978535712896,Hyades  ,67.5714,26.37375,14.972000000000001,18.145,0.034,67.5714,26.37375,67.57098307390672,26.373961318995892
67.37859,26.67134,151379150300399360,Hyades  ,67.37859,26.67134,8.986,17.164,0.025,67.37859,26.67134,67.37819085119709,26.671547725494914
67.29628000000001,26.24652,151312419393052032,Hyades  ,67.29628000000001,26.24652,12.065,20.933000000000003,0.01,67.29628000000001,26.24652,67.29578152191222,26.24675504868767
67.40146,26.57295,151374477375986176,Hyades  ,67.40146,26.57295,14.619000000000002,20.245,0.016,67.40146,26.57295,67.40099140684696,26.573190521533213
77.51011,0.5764100000000001,3227869206588911616,Hyades  ,77.51011,0.5764100000000001,18.381,23.217,0.134,77.51011,0.5764100000000001,77.50978415174349,0.5763020371558125
69.98841,23.13764,146687018788948224,Hyades  ,69.98841,23.13764,10.75,23.045,0.038,69.98841,23.13764,69.98793223212147,23.137883195089398
69.71421,23.149739999999998,146677879098433152,Hyades  ,69.71421,23.149739999999998,7.367000000000001,22.881,0.032,69.71421,23.149739999999998,69.7137170224754,23.1499742395872
69.12191,23.340629999999997,146740207663868032,Hyades  ,69.12191,23.340629999999997,5.903,22.081999999999997,0.099,69.12191,23.340629999999997,69.12145036826918,23.34084206656004
69.24265,23.277160000000002,146727391481452544,Hyades  ,69.24265,23.277160000000002,17.236,20.281,0.105,69.24265,23.277160000000002,69.24222181486431,23.27735703302667
69.93638,23.5326,146717014840345216,Hyades  ,69.93638,23.5326,15.702,19.235,0.019,69.93638,23.5326,69.93597320596021,23.53279774801236
70.04625,23.42045,146712303261194624,Hyades  ,70.04625,23.42045,17.116,20.0,0.055999999999999994,70.04625,23.42045,70.04582767029395,23.42064266963559
70.71776,23.339389999999998,146592838746224384,Hyades  ,70.71776,23.339389999999998,13.761,18.377,0.003,70.71776,23.339389999999998,70.7173797810003,23.33958141050402
70.0247,23.30438,146698078328904064,Hyades  ,70.0247,23.30438,9.173,16.666,0.013000000000000001,70.0247,23.30438,70.02434715950852,23.30454551201395
59.13855,31.956609999999998,168774798644094592,Hyades  ,59.13855,31.956609999999998,12.732999999999999,20.63,0.039,59.13855,31.956609999999998,59.137922718473924,31.956894759351467
55.51916,16.42166,44052178182130816,Hyades  ,55.51916,16.42166,14.873,23.436999999999998,0.061,55.51916,16.42166,55.51847382435051,16.421759400930505
75.40053,13.932920000000001,3391728565481255040,Hyades  ,75.40053,13.932920000000001,10.745,23.398000000000003,0.028999999999999998,75.40053,13.932920000000001,75.4001451265695,13.93301060250326
75.7019,13.632639999999999,3391658329880811776,Hyades  ,75.7019,13.632639999999999,16.192999999999998,18.081,0.025,75.7019,13.632639999999999,75.70160258375445,13.632717095126472
75.7822,13.73059,3391712038447198080,Hyades  ,75.7822,13.73059,8.786,18.597,0.018000000000000002,75.7822,13.73059,75.78190759759177,13.730670019941394
78.72086,12.88846,3388509470313327104,Hyades  ,78.72086,12.88846,16.038,20.132,0.049,78.72086,12.88846,78.72058378667836,12.888544654151973
67.44734,25.48832,150982364040857472,Hyades  ,67.44734,25.48832,18.287,20.477,0.13,67.44734,25.48832,67.44687242597162,25.488544729215736
74.593,19.31703,3408234502757515648,Hyades  ,74.593,19.31703,15.949000000000002,16.875999999999998,0.031,74.593,19.31703,74.59270887310173,19.317155800247566
73.70385999999999,7.73888,3289363105224130944,Hyades  ,73.70385999999999,7.73888,13.450999999999999,25.461,0.018000000000000002,73.70385999999999,7.73888,73.70342876369766,7.7388804365844175
59.79302,9.28394,3301997524618877568,Hyades  ,59.79302,9.28394,15.96,23.772,0.055999999999999994,59.79302,9.28394,59.7923982341585,9.283942291888923
62.16786,23.557129999999997,53725750202606208,Hyades  ,62.16786,23.557129999999997,12.559000000000001,21.665,0.065,62.16786,23.557129999999997,62.16728439347168,23.557313132115326
67.81588,20.133,144171233106399104,Hyades  ,67.81588,20.133,8.394,21.651999999999997,0.025,67.81588,20.133,67.8153927485761,20.13316934709491
58.842369999999995,9.78835,3302846072717868416,Hyades  ,58.842369999999995,9.78835,14.564,28.593000000000004,0.02,58.842369999999995,9.78835,58.84161728905443,9.788370555803533
70.71263,19.48701,3410154456217987584,Hyades  ,70.71263,19.48701,13.734000000000002,20.578000000000003,0.026000000000000002,70.71263,19.48701,70.7122254310752,19.48716826026686
71.51172,19.46817,3410118477275889024,Hyades  ,71.51172,19.46817,16.833,20.294,0.06,71.51172,19.46817,71.51132925061705,19.468326858259246
71.0283,19.03535,3410076150374417408,Hyades  ,71.0283,19.03535,15.575,20.313,0.027999999999999997,71.0283,19.03535,71.02789799163965,19.0354967211148
53.14434,16.15326,42716408993806080,Hyades  ,53.14434,16.15326,12.981,20.568,0.057999999999999996,53.14434,16.15326,53.14370726496039,16.15332766816806
58.75658000000001,12.48554,38354680725946240,Hyades  ,58.75658000000001,12.48554,9.766,21.715,0.015,58.75658000000001,12.48554,58.75600544024427,12.485586214568961
59.56041999999999,12.62797,38329666836450304,Hyades  ,59.56041999999999,12.62797,15.110999999999999,21.914,0.046,59.56041999999999,12.62797,59.55985262114418,12.628023698627887
58.72235,16.315520000000003,40470720915966208,Hyades  ,58.72235,16.315520000000003,12.957,22.551,0.11199999999999999,58.72235,16.315520000000003,58.721750892288256,16.31562158004863
65.80252,15.71279,3312025001943976064,Hyades  ,65.80252,15.71279,14.345,21.656999999999996,0.062,65.80252,15.71279,65.80201612683398,15.712880094527634
64.94887,15.62754,3312052249216467328,Hyades  ,64.94887,15.62754,3.29,22.003,0.12,64.94887,15.62754,64.94836316380928,15.627650017906712
64.55461,16.098029999999998,3312281634829711488,Hyades  ,64.55461,16.098029999999998,14.774000000000001,20.648000000000003,0.044000000000000004,64.55461,16.098029999999998,64.55413083739207,16.098129988834184
64.58083,16.08823,3312281669189449472,Hyades  ,64.58083,16.08823,9.287,22.159000000000002,0.03,64.58083,16.08823,64.58029800960273,16.088331322826733
63.89091,15.706170000000002,3312197934506930944,Hyades  ,63.89091,15.706170000000002,10.432,21.996,0.03,63.89091,15.706170000000002,63.89036722144806,15.706267656207707
65.85589,15.763010000000001,3312025586058376704,Hyades  ,65.85589,15.763010000000001,10.019,24.147,0.039,65.85589,15.763010000000001,65.85533445440667,15.763124343387757
63.943369999999994,15.4006,3312136499294830848,Hyades  ,63.943369999999994,15.4006,6.202999999999999,21.339000000000002,0.011000000000000001,63.943369999999994,15.4006,63.94285171246251,15.400696221151247
58.44438,13.391929999999999,38670343642226816,Hyades  ,58.44438,13.391929999999999,14.832,24.163,0.025,58.44438,13.391929999999999,58.443721457761114,13.391986593862477
60.18786,13.906260000000001,38929141191925760,Hyades  ,60.18786,13.906260000000001,13.33,21.594,0.065,60.18786,13.906260000000001,60.187295440114575,13.906332967554187
61.76432,20.2806,51902691204229888,Hyades  ,61.76432,20.2806,14.685,30.023000000000003,0.066,61.76432,20.2806,61.76353870591085,20.28080368376821
63.01465,20.83115,51995909173956352,Hyades  ,63.01465,20.83115,14.963,24.54,0.069,63.01465,20.83115,63.01402071484459,20.831322105896927
68.48158000000001,18.38062,3314294771901304192,Hyades  ,68.48158000000001,18.38062,14.998,21.513,0.040999999999999995,68.48158000000001,18.38062,68.48111237179195,18.38076446314814
66.59089,18.00016,3314393590508675456,Hyades  ,66.59089,18.00016,14.328,19.574,0.021,66.59089,18.00016,66.59044483971051,18.000286052030972
75.16259000000001,24.382620000000003,3419526585958441216,Hyades  ,75.16259000000001,24.382620000000003,16.565,17.645,0.033,75.16259000000001,24.382620000000003,75.1622857548344,24.382820107694307
76.78867,15.613620000000001,3393094021484216192,Hyades  ,76.78867,15.613620000000001,12.773,22.311,0.026000000000000002,76.78867,15.613620000000001,76.78831916822581,15.613748804632527
71.30516999999999,14.72398,3308808002721345280,Hyades  ,71.30516999999999,14.72398,18.641,19.406,0.09699999999999999,71.30516999999999,14.72398,71.30480277250903,14.724073712382937
71.03542,14.714789999999999,3308851433430549632,Hyades  ,71.03542,14.714789999999999,15.49,21.748,0.062,71.03542,14.714789999999999,71.03501653040244,14.714902821486087
71.627,15.47194,3309006602007842048,Hyades  ,71.627,15.47194,8.126,20.36,0.002,71.627,15.47194,71.62661010307994,15.472041346467874
71.38816,15.050629999999998,3308957845537774976,Hyades  ,71.38816,15.050629999999998,18.13,20.435,0.2,71.38816,15.050629999999998,71.387783830934,15.050726152039884
71.89761999999999,14.888979999999998,3308896238528440448,Hyades  ,71.89761999999999,14.888979999999998,10.927999999999999,20.897,0.012,71.89761999999999,14.888979999999998,71.89723098823069,14.8890854472113
